CAS,List Name,TSCA  Chemical Name,List Call,Caveat - Chemical Use,Edit Description,Date of Edit,
7681-57-4,"Disulfurous acid, disodium salt","Disulfurous acid, sodium salt (1:2)",Yellow [Triangle],,Geometric color code changed from Green [Circle] to Yellow [Triangle],3/10/2016,
7681-57-4,"Disulfurous acid, disodium salt","Disulfurous acid, sodium salt (1:2)",Yellow [Triangle],,Functional use changed from Processing Aids and Additives to Preservatives and Antioxidants,3/10/2016,
64-18-6,Formic acid,Formic acid,Green [Circle],,Chemical added to new functional class (Preservatives and Antioxidants),1/27/2016,
112-72-1,1-Tetradecanol,1-Tetradecanol,Half-Green [Circle],,Geometric color code changed from Yellow [Triangle] to Half-Green [Circle]. Chemical caveat removed.  ,1/27/2016,
112-30-1,1-Decanol,1-Decanol,Half-Green [Circle],,Geometric color code changed from Yellow [Triangle] to Half-Green [Circle]. Chemical caveat removed.  ,1/27/2016,
143-08-8,1-Nonanol,1-Nonanol,Half-Green [Circle],,Geometric color code changed from Yellow [Triangle] to Half-Green [Circle]. Chemical caveat removed.  ,1/27/2016,
111-87-5,1-Octanol,1-Octanol,Half-Green [Circle],,Geometric color code changed from Yellow [Triangle] to Half-Green [Circle]. Chemical caveat removed.  ,1/27/2016,
13019-22-2,9-Decen-1-ol,9-Decen-1-ol,Yellow [Triangle],,"Chemical caveat updated to ""*Lacks sufficient sensitization data;  See above.""",1/27/2016,
7681-38-1,Sodium bisulfate,"Sulfuric acid, sodium salt (1:1)",Green [Circle],,Chemical added to new functional class (Antimicrobial Actives),1/27/2016,
161074-93-7,"D-Glucopyranose, oligomeric, 2-ethylhexyl glycosides","D-Glucopyranose, oligomeric, 2-ethylhexyl glycosides",Green [Circle],,Geometric color code changed from Grey [Square] to Green [Circle]. Chemical caveat removed.  ,1/27/2016,
5343-92-0,Pentylene glycol,"1,2-Pentanediol",Green [Circle],,Chemical added to the list,1/27/2016,
584-03-2,"1,2-Butanediol","1,2-Butanediol",Green [Circle],,Chemical added to the list,1/27/2016,
6920-22-5,"1,2-Hexanediol","1,2-Hexanediol",Green [Circle],,Chemical added to the list,1/27/2016,
29911-27-1,Dipropylene glycol propyl ether,"2-Propanol, 1-(1-methyl-2-propoxyethoxy)-",Yellow [Triangle],,Chemical added to the list,1/27/2016,
67762-41-8,"Alcohols, C10-16","Alcohols, C10-16",Green [Circle],,Chemical added to the list,1/27/2016,
7492-55-9,Calcium sorbate,"2,4-Hexadienoic acid, calcium salt (2:1), (2E,4E)-",Green [Circle],,Chemical added to the list,1/27/2016,
59-02-9,alpha-Tocopherol,"2H-1-Benzopyran-6-ol, 3,4-dihydro-2,5,7,8-tetramethyl-2-[(4R,8R)-4,8,12-trimethyltridecyl]-, (2R)-",Green [Circle],,Chemical added to the list,1/27/2016,
68037-05-8,"Poly(oxy-1,2-ethanediyl), .alpha.-sulfo-.omega.-hydroxy-, C6-10-alkyl ethers, ammonium salts","Poly(oxy-1,2-ethanediyl), .alpha.-sulfo-.omega.-hydroxy-, C6-10-alkyl ethers, ammonium salts",Green [Circle],,Chemical added to the list,1/27/2016,
29923-31-7,Sodium lauroyl glutamate,"L-Glutamic acid, N-(1-oxododecyl)-, sodium salt (1:1)",Green [Circle],,Chemical added to the list,1/27/2016,
8002-43-5,Lecithins,Lecithins,Green [Circle],,Chemical added to the list,1/27/2016,
9005-67-8,"Sorbitan, monooctadecanoate, poly(oxy-1,2-ethanediyl) derivs.","Sorbitan, monooctadecanoate, poly(oxy-1,2-ethanediyl) derivs.",Green [Circle],,Chemical added to the list,1/27/2016,
501019-91-6,"Poly(oxy-1,2-ethanediyl), alpha-hydro-omega-hydroxy-, mono-C8-10-alkyl ethers, ethers with 1,2-dodecanediol (1:1)","Poly(oxy-1,2-ethanediyl), .alpha.-hydro-.omega.-hydroxy-, mono-C8-10-alkyl ethers, ethers with 1,2-dodecanediol (1:1)",Green [Circle],,Chemical added to the list,1/27/2016,
68937-66-6,"Alcohols, C6-12, ethoxylated and propoxylated","Alcohols, C6-12, ethoxylated propoxylated",Green [Circle],,Chemical added to the list,1/27/2016,
1066-33-7,Ammonium bicarbonate,"Carbonic acid, ammonium salt (1:1)",Yellow [Triangle],,Chemical added to the list,1/27/2016,
506-87-6,Ammonium carbonate,"Carbonic acid, ammonium salt (1:2)",Yellow [Triangle],,Chemical added to the list,1/27/2016,
1336-21-6,Ammonium hydroxide,Ammonium hydroxide ((NH4)(OH)),Yellow [Triangle],,Chemical added to the list,1/27/2016,
1305-62-0,Calcium hydroxide,Calcium hydroxide (Ca(OH)2),Green [Circle],,Chemical added to the list,1/27/2016,
7697-37-2,Nitric acid (aqueous),Nitric acid,Yellow [Triangle],,Chemical added to the list,1/27/2016,
128446-33-3,Hydroxypropyl-a-cyclodextrin,".alpha.-Cyclodextrin, 2-hydroxypropyl ethers",Green [Circle],,Chemical added to the list,1/27/2016,
7585-39-9,Cyclodextrin,.beta.-Cyclodextrin,Green [Circle],,Chemical added to the list,1/27/2016,
8001-29-4,Cottonseed oil,Cottonseed oil,Green [Circle],,Chemical added to the list,1/27/2016,
8002-31-1,Cocoa butter,Cocoa butter,Green [Circle],,Chemical added to the list,1/27/2016,
7320-34-5,Tetrapotassium pyrophosphate,"Diphosphoric acid, potassium salt (1:4)",Yellow [Triangle],,Chemical added to the list,1/27/2016,
9002-89-5,Polyvinyl alcohol,"Ethenol, homopolymer",Green [Circle],,Chemical added to the list,1/27/2016,
111-14-8,Heptanoic acid,Heptanoic acid,Green [Half Circle],,Chemical added to the list,9/21/2015,
112-05-0,Nonanoic acid,Nonanoic acid,Green [Half Circle],,Chemical added to the list,9/21/2015,
142-62-1,Hexanoic acid,Hexanoic acid,Green [Circle],,Chemical added to the list,9/21/2015,
334-48-5,Decanoic acid,Decanoic acid,Green [Circle],,Chemical added to the list,9/21/2015,
463-40-1,Linolenic acid,"9,12,15-Octadecatrienoic acid, (9Z,12Z,15Z)-",Green [Circle],,Chemical added to the list,9/21/2015,
8001-26-1,Linseed oil,Linseed oil,Green [Half Circle],,Chemical added to the list,9/21/2015,
8001-21-6,Sunflower oil,Sunflower oil,Green [Circle],,Chemical added to the list,9/21/2015,
1002-62-6,Sodium decanoate,"Decanoic acid, sodium salt (1:1)",Green [Circle],,Chemical added to the list,9/21/2015,
822-12-8,Sodium myristate,"Tetradecanoic acid, sodium salt (1:1)",Green [Circle],,Chemical added to the list,9/21/2015,
822-17-3,Sodium linoleate,"9,12-Octadecadienoic acid (9Z,12Z)-, sodium salt (1:1)",Green [Circle],,Chemical added to the list,9/21/2015,
112-85-6,Docosanoic acid,Docosanoic acid,Green [Circle],,Chemical added to the list,9/21/2015,
544-64-9,Myristoleic acid,"9-Tetradecenoic acid, (9Z)-",Green [Circle],,Chemical added to the list,9/21/2015,
557-59-5,Lignoceric acid,Tetracosanoic acid,Green [Circle],,Chemical added to the list,9/21/2015,
593-29-3,Potassium palmitoleate,"Octadecanoic acid, potassium salt (1:1)",Green [Circle],,Chemical added to the list,9/21/2015,
2624-31-9,Potassium palmitate,"Hexadecanoic acid, potassium salt (1:1)",Green [Circle],,Chemical added to the list,9/21/2015,
408-35-5,Sodium palmitate,"Hexadecanoic acid, sodium salt (1:1)",Green [Circle],,Chemical added to the list,9/21/2015,
506-30-9,Eicosanoic acid,Eicosanoic acid,Green [Circle],,Chemical added to the list,9/21/2015,
506-31-0,9-Eicosenoic acid,9-Eicosenoic acid,Green [Circle],,Chemical added to the list,9/21/2015,
8001-23-8,Safflower oil,Safflower oil,Green [Circle],,Chemical added to the list,9/21/2015,
8008-74-0,"Fats and Glyceridic oils, sesame","Fats and Glyceridic oils, sesame",Green [Circle],,Chemical added to the list,9/21/2015,
8023-79-8,"Oils, palm kernel","Oils, palm kernel",Green [Circle],,Chemical added to the list,9/21/2015,
8024-32-6,"Fats and Glyceridic oils, avocado","Fats and Glyceridic oils, avocado",Green [Circle],,Chemical added to the list,9/21/2015,
1984-06-1,Sodium octanoate,"Octanoic acid, sodium salt (1:1)",Green [Circle],,Chemical added to the list,9/21/2015,
10124-65-9,Potassium dodecanoate,"Dodecanoic acid, potassium salt (1:1)",Green [Circle],,Chemical added to the list,9/21/2015,
13429-27-1,Potassium myristate,"Tetradecanoic acid, potassium salt (1:1)",Green [Circle],,Chemical added to the list,9/21/2015,
17378-36-8,Potassium heptadecanoate,"Heptadecanoic acid, potassium salt (1:1)",Green [Half Circle],,Chemical added to the list,9/21/2015,
61790-45-2,"Fatty acids, tall oil, sodium salt","Fatty acids, tall-oil, sodium salts",Green [Circle],,Chemical added to the list,9/21/2015,
61790-79-2,"Fatty acids, palm-oil, sodium salts","Fatty acids, palm-oil, sodium salts",Green [Circle],,Chemical added to the list,9/21/2015,
61789-88-6,"Fatty acids, olive-oil, sodium salts","Fatty acids, olive-oil, sodium salts",Green [Circle],,Chemical added to the list,9/21/2015,
68002-90-4,"Fatty acids, C10-16","Fatty acids, C10-16",Green [Circle],,Chemical added to the list,9/21/2015,
67701-06-8,"Fatty acids, C14-18 and C16-18-unsatd.","Fatty acids, C14-18 and C16-18-unsatd.",Green [Circle],,Chemical added to the list,9/21/2015,
68440-19-7,"Fatty acids, safflower-oil, sodium salts","Fatty acids, safflower-oil, sodium salts",Green [Circle],,Chemical added to the list,9/21/2015,
68553-81-1,"Fats and Glyceridic oils, rice bran","Fats and Glyceridic oils, rice bran",Green [Circle],,Chemical added to the list,9/21/2015,
68917-73-7,"Oils, wheat","Oils, wheat",Green [Circle],,Chemical added to the list,9/21/2015,
68955-98-6,"Fatty acids, C16 - C18 and C18 unsaturated, branched and linear","Fatty acids, C16-18 and C18-unsatd., branched and linear",Green [Circle],,Chemical added to the list,9/21/2015,
69669-39-2,"Sunflower oil, potassium salt","Sunflower oil, potassium salt",Green [Circle],,Chemical added to the list,9/21/2015,
106457-91-4,"Oils, oat","Oils, oat",Green [Circle],,Chemical added to the list,9/21/2015,
1328-53-6,C.I. Pigment Green 7,C.I. Pigment Green 7,Green [Circle],,Chemical added to the list,9/21/2015,
13007-85-7,"D-glycero-D-gulo-Heptonic acid, monosodium salt","D-glycero-D-gulo-Heptonic acid, sodium salt (1:1)",Green [Circle],,Chemical added to the list,9/21/2015,
17140-60-2,"D-glycero-D-gulo-Heptonic acid, calcium salt (2:1)","D-glycero-D-gulo-Heptonic acid, calcium salt (2:1)",Green [Circle],,Chemical added to the list,9/21/2015,
78330-21-9,"Alcohols, C11-14-iso-, C13-rich, ethoxylated","Alcohols, C11-14-iso-, C13-rich, ethoxylated",Green [Circle],,Chemical added to the list,9/21/2015,
70210-05-8,C. I. Acid Violet 54,"2,7-Naphthalenedisulfonic acid, 3-[[2,4-bis(2- methylphenoxy)phenyl]azo] -4-hydroxy-5-[[(4- methylphenyl)sulfonyl]amino]-, disodium salt",Half Green [Circle],,Chemical added to the list,9/21/2015,
1443994-56-6,Sorbitan oleate decylglucoside crosspolymer,"D-Glucopyranose, oligomeric, decyl octyl glycosides, polymers with epichlorohydrin and sorbitan monooleate",Green [Circle],,Chemical added to the list,9/21/2015,
510758-10-8,"D-Glucopyranose, oligomeric, Bu glycosides","D-Glucopyranose, oligomeric, Bu glycosides",Green [Circle],,Chemical added to the list,9/21/2015,
39202-17-0,"9-Dodecenoic acid, methyl ester","9-Dodecenoic acid, methyl ester",Yellow [Triangle],"*Yellow due to hazard concerns, but allowed to provide functionality while meeting Safer Choice VOC criteria. See section 4.2.7.1.",Added chemical use caveat,9/21/2015,
68919-53-9,"Fatty acids, soya, Me esters","Fatty acids, soya, Me esters",Yellow [Triangle],"*Yellow due to hazard concerns, but allowed to provide functionality while meeting Safer Choice VOC criteria. See section 4.2.7.1.",Added chemical use caveat,9/21/2015,
112-42-5,1-Undecanol,1-Undecanol,Green [Half Circle],,List name for solvent entry updated to 1-Undecanol,9/21/2015,
22042-96-2,"Diethylenetriaminepenta(methylenephosphonic acid), sodium salt","Phosphonic acid, [[(phosphonomethyl)imino]bis[2,1-ethanediylnitrilobis(methylene)]]tetrakis-, sodium salt (1:?)",Yellow [Triangle],*Only allowed as an oxidant stabilizer.,"List name updated to Diethylenetriaminepenta(methylenephosphonic acid), sodium salt",9/21/2015,
9079-33-8,"FD&C Blue No.1, PEG Derivative","Poly(oxy-1,2-ethanediyl), .alpha.,.alpha.',.alpha.'',.alpha.'''-[[(2-sulfophenyl)methyliumylidene]bis(4,1-phenylenenitrilodi-2,1-ethanediyl)]tetrakis[.omega.-hydroxy-, chloride, sodium salt (1:1:1)",Green [Half Circle],,"List name updated to FD&C Blue No.1, PEG Derivative",9/21/2015,
112926-00-8,Hydrated silica,"Silica gel, pptd., cryst.-free",,,Chemical removed from SCIL. Acceptable for use in products but is covered by the SCIL listing of 63231-67-4. ,9/21/2015,
63231-67-4,Silica gel,Silica gel,Green [Circle],"*For TSCA purposes, this CASRN/chemical name is used to represent 112926-00-8 (hydrated silica).",Added chemical use and TSCA Inventory use caveats,9/21/2015,
64366-70-7,"Oxirane, methyl-, polymer with oxirane, mono(2-ethylhexyl) ether","Oxirane, methyl-, polymer with oxirane, mono(2-ethylhexyl) ether",Yellow [Triangle],,List Call changed from Grey [Square] to Yellow [Triangle],9/21/2015,
39202-17-0,"9-Dodecenoic acid, methyl ester","9-Dodecenoic acid, methyl ester",Yellow [Triangle],,Chemical added to the list,8/20/2015,
6424-85-7,C.I. Acid Blue 40,"2-Anthracenesulfonic acid, 4-[[4-(acetylamino)phenyl]amino]-1-amino-9,10- dihydro-9,10-dioxo-, monosodium salt",Yellow [Triangle],,Chemical added to the list,8/20/2015,
25035-82-9,"2-Propenoic acid, 2-methyl-, polymer with butyl 2-propenoate","2-Propenoic acid, 2-methyl-, polymer with butyl 2-propenoate",Green [Circle],,Chemical added to the list,8/20/2015,
7758-29-4,Sodium tripolyphosphate,"Triphosphoric acid, sodium salt (1:5)",Yellow [Triangle],*Only allowed as an oxidant stabilizer,Chemical added to the list,8/20/2015,
8012-89-3,Beeswax,Beeswax,Green [Circle],,Chemical added to the list,8/20/2015,
68919-53-9,"Fatty acids, soya, Me esters","Fatty acids, soya, Me esters",Yellow [Triangle],,Chemical added to the list,8/20/2015,
79-21-0,Peracetic acid,Ethaneperoxoic acid,Green [Circle],,Chemical added to the list,8/20/2015,
109-60-4,Propyl acetate,"Acetic acid, propyl ester",Green [Circle],,Chemical added to the list,8/20/2015,
110-27-0,Isopropyl myristate,"Tetradecanoic acid, 1-methylethyl ester",Half Green [Circle],,Chemical added to the list,8/20/2015,
7758-16-9,Sodium acid pyrophosphate,"Diphosphoric acid, sodium salt (1:2)",Yellow [Triangle],*Only allowed as an oxidant stabilizer,Chemical added to the list,8/20/2015,
9005-71-4,"Sorbitan, trioctadecanoate, poly(oxy-1,2-ethanediyl) derivs.","Sorbitan, trioctadecanoate, poly(oxy-1,2-ethanediyl) derivs.",Half Green [Circle],,Chemical added to the list,8/20/2015,
10294-56-1,Phosphorous acid,Phosphorous acid,Yellow [Triangle],*Only allowed as an oxidant stabilizer,Chemical added to the list,8/20/2015,
12027-70-2,Disodium tin hexahydrate,"Stannate (Sn(OH)62-), sodium (1:2), (OC-6-11)-",Yellow [Triangle],*Only allowed as an oxidant stabilizer,Chemical added to the list,8/20/2015,
26402-26-6,"Octanoic acid, monoester with 1,2,3-propanetriol","Octanoic acid, monoester with 1,2,3-propanetriol",Half Green [Circle],,Chemical added to the list,8/20/2015,
66455-17-2,"Alcohols, C9-11","Alcohols, C9-11",Half Green [Circle],,Chemical added to the list,8/20/2015,
68955-20-4,"Sulfuric acid, mono-C16-18-alkyl esters, sodium salts","Sulfuric acid, mono-C16-18-alkyl esters, sodium salts",Green [Circle],,Chemical added to the list,8/20/2015,
71832-81-0,"Benzenesulfonic acid, hydroxy-, sodium salt (1:1), polymer with formaldehyde and 4,4'-sulfonylbis[phenol]","Benzenesulfonic acid, hydroxy-, sodium salt (1:1), polymer with formaldehyde and 4,4'-sulfonylbis[phenol]",Green [Circle],,Chemical added to the list,8/20/2015,
85536-14-7,"Benzenesulfonic acid, 4-C10-13-sec-alkyl derivs.","Benzenesulfonic acid, 4-C10-13-sec-alkyl derivs.",Green [Circle],,Chemical added to the list,8/20/2015,
123-94-4,Glyceryl monostearate,"Octadecanoic acid, 2,3-dihydroxypropyl ester",Green [Circle],,Chemical added to the list,8/20/2015,
9034-32-6,Hemicellulose,Hemicellulose,Green [Circle],,Chemical added to the list,8/20/2015,
16090-02-1,FWA-1,"Benzenesulfonic acid, 2,2'-(1,2-ethenediyl)bis[5-[[4-(4-morpholinyl)-6-(phenylamino)-1,3,5-triazin-2-yl]amino]-, sodium salt (1:2)",Green [Circle],,Chemical added to the list,8/20/2015,
207308-34-7,"Urea, methanesulfonate (1:1)","Urea, methanesulfonate (1:1)",Green [Circle],,Chemical added to the list,8/20/2015,
6132-04-3,"Sodium citrate, dihydrate","1,2,3-Propanetricarboxylic acid, 2-hydroxy-, sodium salt, hydrate (1:3:2)",Green [Circle],,Chemical added to new functional class (Preservatives and Antioxidants),8/20/2015,
68-04-2,"Sodium citrate, anhydrous","1,2,3-Propanetricarboxylic acid, 2-hydroxy-, sodium salt (1:3)",Green [Circle],,Chemical added to new functional class (Preservatives and Antioxidants),8/20/2015,
67762-38-3,"Fatty acids, C16-18 and C18-unsatd., methyl esters","Fatty acids, C16-18 and C18-unsatd., Me esters",Yellow [Triangle],,Chemical added to new functional class (Specialized Industrial Chemicals),8/20/2015,
67784-80-9,"Soybean oil, methyl esters","Soybean oil, Me ester",Yellow [Triangle],,Chemical added to new functional class (Specialized Industrial Chemicals),8/20/2015,
112-42-5,1-Undecanol,1-Undecanol,Half Green [Circle],,Chemical added to new functional class (Solvents),8/20/2015,
112-42-5,1-Undecanol,1-Undecanol,Half Green [Circle],,Geometric color code changed from Yellow [Triangle] to Half Green [Circle],8/20/2015,
112-53-8,1-Dodecanol,1-Dodecanol,Half Green [Circle],,Geometric color code changed from Yellow [Triangle] to Half Green [Circle],8/20/2015,
31138-65-5,Monosodium D-glucoheptonate,"D-gluco-heptonic acid, sodium salt (1:1), (2.xi.)-",Green [Circle],,Geometric color code changed from Half Green [Circle] to Green [Circle],8/20/2015,
577-11-7,Bis(2-ethylhexyl) sodium sulfosuccinate,"Butanedioic acid, 2-sulfo-, 1,4-bis(2-ethylhexyl) ester, sodium salt (1:1)",,,Chemical removed from list,4/27/2015,
100-51-6,Benzyl alcohol,Benzenemethanol,,,Chemical removed from list,4/27/2015,
160875-66-1,"Poly(oxy-1,2-ethanediyl), alpha-(2-propylheptyl)-omega-hydroxy-","Poly(oxy-1,2-ethanediyl), alpha-(2-propylheptyl)-omega-hydroxy-",Grey [Square],*Flagged on 12/9/2014 for removal from SCIL in 12 months.,Added caveat regarding removal from SCIL,4/27/2015,
161074-93-7,"D-Glucopyranose, oligomeric, 2-ethylhexyl glycosides","D-Glucopyranose, oligomeric, 2-ethylhexyl glycosides",Grey [Square],*Flagged on 12/9/2014 for removal from SCIL in 12 months.,Added caveat regarding removal from SCIL,4/27/2015,
166736-08-9,"Oxirane, 2-methyl-, polymer with oxirane, mono(2-propylheptyl) ether","Oxirane, 2-methyl-, polymer with oxirane, mono(2-propylheptyl) ether",Grey [Square],*Flagged on 12/9/2014 for removal from SCIL in 12 months.,Added caveat regarding removal from SCIL,4/27/2015,
64366-70-7,"Oxirane, methyl-, polymer with oxirane, mono(2-ethylhexyl) ether","Oxirane, 2-methyl-, polymer with oxirane, mono(2-ethylhexyl) ether",Grey [Square],*Flagged on 12/9/2014 for removal from SCIL in 12 months.,Added caveat regarding removal from SCIL,4/27/2015,
126-92-1,Sodium ethasulfate,"Sulfuric acid, mono(2-ethylhexyl) ester, sodium salt (1:1)",Grey [Square],*Flagged on 12/9/2014 for removal from SCIL in 12 months.,Added caveat regarding removal from SCIL,4/27/2015,
160875-66-1,"Poly(oxy-1,2-ethanediyl), alpha-(2-propylheptyl)-omega-hydroxy-","Poly(oxy-1,2-ethanediyl), alpha-(2-propylheptyl)-omega-hydroxy-",Grey [Square],,Geometric color code changed from Green [Circle] to Grey [Square],12/9/2014,
161074-93-7,"D-Glucopyranose, oligomeric, 2-ethylhexyl glycosides","D-Glucopyranose, oligomeric, 2-ethylhexyl glycosides",Grey [Square],,Geometric color code changed from Green [Circle] to Grey [Square],12/9/2014,
166736-08-9,"Oxirane, 2-methyl-, polymer with oxirane, mono(2-propylheptyl) ether","Oxirane, 2-methyl-, polymer with oxirane, mono(2-propylheptyl) ether",Grey [Square],,Geometric color code changed from Green [Circle] to Grey [Square],12/9/2014,
64366-70-7,"Oxirane, methyl-, polymer with oxirane, mono(2-ethylhexyl) ether","Oxirane, 2-methyl-, polymer with oxirane, mono(2-ethylhexyl) ether",Grey [Square],,Geometric color code changed from Green [Circle] to Grey [Square],12/9/2014,
126-92-1,Sodium ethasulfate,"Sulfuric acid, mono(2-ethylhexyl) ester, sodium salt (1:1)",Grey [Square],,Geometric color code changed from Green [Circle] to Grey [Square],12/9/2014,
7664-93-9,Sulfuric acid (aqueous),Sulfuric acid,Yellow [Triangle],,Chemical added to the list,12/9/2014,
77-92-9,"Citric acid, anhydrous","1,2,3-Propanetricarboxylic acid, 2-hydroxy-",Green [Circle],,Chemical added to new functional class (Antimicrobial Actives),12/9/2014,
79-33-4,L-Lactic acid,"Propanoic acid, 2-hydroxy-, (2S)-",Green [Circle],,Chemical added to new functional class (Antimicrobial Actives),12/9/2014,
7722-84-1,Hydrogen peroxide,Hydrogen peroxide (H2O2),Green [Circle],,Chemical added to new functional class (Antimicrobial Actives),12/9/2014,
64-17-5,Ethanol,Ethanol,Green [Circle],,Chemical added to new functional class (Antimicrobial Actives),12/9/2014,
67-63-0,Isopropanol,2-Propanol,Green [Circle],,Chemical added to new functional class (Antimicrobial Actives),12/9/2014,
65405-40-5,"2-Propenoic acid, 2-methyl-, dodecyl ester, polymer with hexadecyl 2-methyl-2-propenoate, octadecyl 2-methyl-2-propenoate and tetradecyl 2-methyl-2-propenoate","2-Propenoic acid, 2-methyl-, dodecyl ester, polymer with hexadecyl 2-methyl-2-propenoate, octadecyl 2-methyl-2-propenoate and tetradecyl 2-methyl-2-propenoate",Green [Circle],,Chemical added to the list,12/9/2014,
70851-07-9,"Amides, coco, N-[3-(dimethylamino)propyl], alkylation products with chloroacetic acid, sodium salts","Amides, coco, N-[3-(dimethylamino)propyl], alkylation products with chloroacetic acid, sodium salts",Green [Circle],,Chemical added to the list,12/9/2014,
94441-92-6,"beta-Alanine, N-(2-carboxyethyl)-N-(2-ethylhexyl)-, sodium salt (1:1)","beta-Alanine, N-(2-carboxyethyl)-N-(2-ethylhexyl)-, sodium salt (1:1)",Green [Circle],,Chemical added to the list,12/9/2014,
5405-41-4,"Butanoic acid, 3-hydroxy-, ethyl ester","Butanoic acid, 3-hydroxy-, ethyl ester",Green [Circle],,Chemical added to the list,12/9/2014,
13040-18-1,"Decanoic acid, potassium salt (1:1)","Decanoic acid, potassium salt (1:1)",Green [Circle],,Chemical added to the list,12/9/2014,
64-18-6,Formic acid,Formic acid,Green [Circle],,Chemical added to the list,12/9/2014,
68411-97-2,"Glycine, N-methyl-, N-coco acyl derivs.","Glycine, N-methyl-, N-coco acyl derivs.",Green [Circle],,Chemical added to the list,12/9/2014,
67762-19-0,"Poly(oxy-1,2-ethanediyl), .alpha.-sulfo-.omega.-hydroxy-, C10-16-alkyl ethers, ammonium salts","Poly(oxy-1,2-ethanediyl), .alpha.-sulfo-.omega.-hydroxy-, C10-16-alkyl ethers, ammonium salts",Green [Circle],,Chemical added to the list,12/9/2014,
142-87-0,"Sulfuric acid, monodecyl ester, sodium salt (1:1)","Sulfuric acid, monodecyl ester, sodium salt (1:1)",Green [Circle],,Chemical added to the list,12/9/2014,
10543-57-4,Tetraacetyl ethylene diamine,"Acetamide, N,N'-1,2-ethanediylbis[N-acetyl-",Yellow [Triangle],,Geometric color code changed from Green [Circle] to Yellow [Triangle],12/9/2014,
112-60-7,Tetraethylene glycol,"Ethanol, 2,2'-[oxybis(2,1-ethanediyloxy)]bis-",Half Green [Circle],,Chemical added to the list,12/9/2014,
53605-94-0,Butyl-3-hydroxybutanoate,"Butanoic acid, 3-hydroxy-, butyl ester",Green [Circle],,Chemical added to the list,3/21/2014,
65405-72-3,"1,2,3,4,4a,7,8,8a-Octahydro-2,4a,5,8a-tetramethyl-1-naphthyl formate","1-Naphthalenol, 1,2,3,4,4a,7,8,8a-octahydro-2,4a,5,8a-tetramethyl-, 1-formate",Yellow [Triangle],"*Lacks sufficient sensitization data, see above",Chemical added to the list,12/6/2013,
4674-50-4,"2(3H)-Naphthalenone, 4,4a,5,6,7,8-hexahydro-4,4a-dimethyl-6-(1-methylethenyl)-, (4R,4aS,6R)-","2(3H)-Naphthalenone, 4,4a,5,6,7,8-hexahydro-4,4a-dimethyl-6-(1-methylethenyl)-, (4R,4aS,6R)-",Yellow [Triangle],"*Known sensitizer, see above.",Chemical added to the list,12/6/2013,
5471-51-2,"2-Butanone, 4-(4-hydroxyphenyl)-","2-Butanone, 4-(4-hydroxyphenyl)-",Yellow [Triangle],"*Lacks sufficient sensitization data, see above.",Chemical added to the list,12/6/2013,
13491-79-7,2-tert-Butylcyclohexanol,"Cyclohexanol, 2-(1,1-dimethylethyl)-",Yellow [Triangle],"*Lacks sufficient sensitization data, see above.",Chemical added to the list,12/6/2013,
562-74-3,"3-Cyclohexen-1-ol, 4-methyl-1-(1-methylethyl)-","3-Cyclohexen-1-ol, 4-methyl-1-(1-methylethyl)-",Grey [Square],*Flagged on 9/5/2014 for removal from SCIL in 12 months,Chemical added to the list,12/6/2013,
1423-46-7,"3-Cyclohexene-1-carboxaldehyde, 2,4,6-trimethyl-","3-Cyclohexene-1-carboxaldehyde, 2,4,6-trimethyl-",Yellow [Triangle],*Known sensitizer; repeat dose toxicant. See above.,Chemical added to the list,12/6/2013,
13019-22-2,9-Decen-1-ol,9-Decen-1-ol,Yellow [Triangle],*Lacks sufficient sensitization data; repeat dose toxicant. See above.,Chemical added to the list,12/6/2013,
628-63-7,Amyl acetate,"Acetic acid, pentyl ester",Yellow [Triangle],"*Known sensitizer, see above.",Chemical added to the list,12/6/2013,
151-05-3,Benzyldimethyl carbinyl acetate,"Benzeneethanol, .alpha.,.alpha.-dimethyl-, 1-acetate",Yellow [Triangle],"*Known sensitizer, see above.",Chemical added to the list,12/6/2013,
659-70-1,"Butanoic acid, 3-methyl-, 3-methylbutyl ester","Butanoic acid, 3-methyl-, 3-methylbutyl ester",Yellow [Triangle],"*Lacks sufficient sensitization data, see above.",Chemical added to the list,12/6/2013,
28940-11-6,Calone,"2H-1,5-Benzodioxepin-3(4H)-one, 7-methyl-",Yellow [Triangle],"*Lacks sufficient sensitization data, see above.",Chemical added to the list,12/6/2013,
7492-67-3,Citronelloxyacetaldehyde,"Acetaldehyde, 2-[(3,7-dimethyl-6-octen-1-yl)oxy]-",Yellow [Triangle],*Known sensitizer; repeat dose toxicant. See above.,Chemical added to the list,12/6/2013,
38462-22-5,"Cyclohexanone, 2-(1-mercapto-1-methylethyl)-5-methyl-","Cyclohexanone, 2-(1-mercapto-1-methylethyl)-5-methyl-",Yellow [Triangle],"*Known sensitizer, see above.",Chemical added to the list,12/6/2013,
705-86-2,delta-Decalactone,"2H-Pyran-2-one, tetrahydro-6-pentyl-",Yellow [Triangle],"*Lacks sufficient sensitization data, see above.",Chemical added to the list,12/6/2013,
713-95-1,delta-Dodecalactone,"2H-Pyran-2-one, 6-heptyltetrahydro-",Yellow [Triangle],"*Lacks sufficient sensitization data, see above.",Chemical added to the list,12/6/2013,
105-54-4,Ethyl butyrate,"Butanoic acid, ethyl ester",Yellow [Triangle],"*Lacks sufficient sensitization data, see above.",Chemical added to the list,12/6/2013,
7452-79-1,Ethyl ester 2-methylbutanoic acid,"Butanoic acid, 2-methyl-, ethyl ester",Half Green [Circle],,Chemical added to the list,12/6/2013,
108-64-5,Ethyl isovalerate,"Butanoic acid, 3-methyl-, ethyl ester",Yellow [Triangle],"*Lacks sufficient sensitization data, see above.",Chemical added to the list,12/6/2013,
141773-73-1,Helvetolide,"1-Propanol, 2-[1-(3,3-dimethylcyclohexyl)ethoxy]-2-methyl-, 1-propanoate",Half Green [Circle],,Chemical added to the list,12/6/2013,
66-25-1,Hexanal,Hexanal,Yellow [Triangle],"*Known sensitizer, see above.",Chemical added to the list,12/6/2013,
123-66-0,"Hexanoic acid, ethyl ester","Hexanoic acid, ethyl ester",Half Green [Circle],,Chemical added to the list,12/6/2013,
142-92-7,Hexyl acetate,"Acetic acid, hexyl ester",Half Green [Circle],,Chemical added to the list,12/6/2013,
123-92-2,Isoamyl acetate,"1-Butanol, 3-methyl-, 1-acetate",Half Green [Circle],,Chemical added to the list,12/6/2013,
106-27-4,Isoamyl butyrate,"Butanoic acid, 3-methylbutyl ester",Yellow [Triangle],"*Lacks sufficient sensitization data, see above.",Chemical added to the list,12/6/2013,
110-19-0,Isobutyl acetate,"Acetic acid, 2-methylpropyl ester",Half Green [Circle],,Chemical added to the list,12/6/2013,
87-19-4,Isobutyl salicylate,"Benzoic acid, 2-hydroxy-, 2-methylpropyl ester",Grey [Square],*Flagged on 9/5/2014 for removal from SCIL in 12 months,Chemical added to the list,12/6/2013,
1335-66-6,Isocyclocitral,Isocyclocitral,Yellow [Triangle],*Known sensitizer; repeat dose toxicant. See above.,Chemical added to the list,12/6/2013,
488-10-8,Jasmone,"2-Cyclopenten-1-one, 3-methyl-2-(2Z)-2-penten-1-yl-",Grey [Square],*Flagged on 9/5/2014 for removal from SCIL in 12 months,Chemical added to the list,12/6/2013,
111-79-5,Methyl 2-nonenoate,"2-Nonenoic acid, methyl ester",Yellow [Triangle],"*Lacks sufficient sensitization data, see above.",Chemical added to the list,12/6/2013,
111-80-8,Methyl 2-nonynoate,"2-Nonynoic acid, methyl ester",Yellow [Triangle],"*Known sensitizer, see above.",Chemical added to the list,12/6/2013,
112-14-1,Octyl acetate,"Acetic acid, octyl ester",Yellow [Triangle],"*Lacks sufficient sensitization data, see above",Chemical added to the list,12/6/2013,
109-29-5,Oxacycloheptadecan-2-one,Oxacycloheptadecan-2-one,Half Green [Circle],,Chemical added to the list,12/6/2013,
111879-80-2,"Oxacyclohexadec-12-en-2-one, (12E)-","Oxacyclohexadec-12-en-2-one, (12E)-",Yellow [Triangle],"*Known sensitizer, see above.",Chemical added to the list,12/6/2013,
111879-79-9,"Oxacyclohexadec-12-en-2-one, (12Z)-","Oxacyclohexadec-12-en-2-one, (12Z)-",Yellow [Triangle],"*Known sensitizer, see above.",Chemical added to the list,12/6/2013,
99219-32-6,"Oxacyclohexadec-13-en-2-one, (13E)-","Oxacyclohexadec-13-en-2-one, (13E)-",Yellow [Triangle],"*Known sensitizer, see above.",Chemical added to the list,12/6/2013,
111879-81-3,"Oxacyclohexadec-13-en-2-one, (13Z)-","Oxacyclohexadec-13-en-2-one, (13Z)-",Yellow [Triangle],"*Known sensitizer, see above.",Chemical added to the list,12/6/2013,
106-02-5,Oxacyclohexadecan-2-one,Oxacyclohexadecan-2-one,Half Green [Circle],,Chemical added to the list,12/6/2013,
69103-20-4,"Oxirane, 2,2-dimethyl-3-(3-methyl-2,4-pentadien-1-yl)-","Oxirane, 2,2-dimethyl-3-(3-methyl-2,4-pentadien-1-yl)-",Yellow [Triangle],"*Lacks sufficient sensitization data, see above.",Chemical added to the list,12/6/2013,
67634-20-2,"Propanoic acid, 2-methyl-, 3a,4,5,6,7,7a-hexahydro-4,7-methano-1H-inden-5-yl ester","Propanoic acid, 2-methyl-, 3a,4,5,6,7,7a-hexahydro-4,7-methano-1H-inden-5-yl ester",Yellow [Triangle],"*Lacks sufficient sensitization data, see above",Chemical added to the list,12/6/2013,
122-48-5,Vanillyl acetone,"2-Butanone, 4-(4-hydroxy-3-methoxyphenyl)-",Yellow [Triangle],"*Lacks sufficient sensitization data, see above",Chemical added to the list,12/6/2013,
29132-58-9,"2-Butenedioic acid (2Z)-, polymer with 2-propenoic acid","2-Butenedioic acid (2Z)-, polymer with 2-propenoic acid",Green [Circle],,Chemical added to the list,12/6/2013,
26099-88-7,"Butanedioic acid, 2-methylene-, polymer with 2-propenoic acid, sodium salt","Butanedioic acid, 2-methylene-, polymer with 2-propenoic acid, sodium salt",Green [Circle],,Chemical added to the list,12/6/2013,
72243-90-4,C.I. Acid Violet 48,"Benzenesulfonic acid, 3-[[4-amino-9,10-dihydro-9,10-dioxo-3-[sulfo-4-(1,1,3,3-tetramethylbutyl)phenoxy]-1-anthracenyl]amino]-2,4,6-trimethyl-, sodium salt (1:2)",Yellow [Triangle],,Chemical added to the list,12/6/2013,
1079184-43-2,"Ethanaminium, 2-hydroxy-N-(2-hydroxyethyl)-N,N-dimethyl-, esters with C16-18 and C18-unsatd. fatty acids, chlorides","Ethanaminium, 2-hydroxy-N-(2-hydroxyethyl)-N,N-dimethyl-, esters with C16-18 and C18-unsatd. fatty acids, chlorides",Green [Circle],,Chemical added to the list,12/6/2013,
56-40-6,Glycine,Glycine,Green [Circle],,Chemical added to the list,12/6/2013,
75-75-2,Methanesulfonic acid,Methanesulfonic acid,Green [Circle],,Chemical added to the list,12/6/2013,
68937-55-3,"Siloxanes and Silicones, di-Me, 3-hydroxypropyl Me, ethoxylated propoxylated","Siloxanes and Silicones, di-Me, 3-hydroxypropyl Me, ethoxylated propoxylated",Yellow [Triangle],*Yellow based on some concern for aquatic toxicity. Allowed to provide functionality.,Chemical added to the list,12/6/2013,
30364-51-3,Sodium myristol sarcosinate,"Glycine, N-methyl-N-(1-oxotetradecyl)-, sodium salt (1:1)",Green [Circle],,Chemical added to the list,12/6/2013,
577-11-7,Bis(2-ethylhexyl) sodium sulfosuccinate,"Butanedioic acid, 2-sulfo-, 1,4-bis(2-ethylhexyl) ester, sodium salt (1:1)",Grey [Square],*Flagged on 12/20/2013 for removal from SCIL in 12 months.,Geometric color code changed from Green [Circle] to Grey [Square],12/6/2013,
100-51-6,Benzyl alcohol,Benzenemethanol,Grey [Square],*Flagged on 12/20/2013 for removal from SCIL in 12 months,Geometric color code changed from Yellow [Triangle] to Grey [Square],12/6/2013,
24851-98-7,Methyl dihydrojasmonate,"Cyclopentaneacetic acid, 3-oxo-2-pentyl-, methyl ester",Green [Circle],,Geometric color code changed from Yellow [Triangle] to Green [Circle],12/6/2013,
77-93-0,Triethyl citrate,"1,2,3-Propanetricarboxylic acid, 2-hydroxy-, 1,2,3-triethyl ester",Yellow [Triangle],"*Known sensitizer, see above.",Chemical added to the list,7/24/2013,
78-69-3,Tetrahydrolinalool,"3-Octanol, 3,7-dimethyl-",Yellow [Triangle],"*Known sensitizer, see above.",Chemical added to the list,7/24/2013,
78-70-6,Linalool,"1,6-Octadien-3-ol, 3,7-dimethyl-",Yellow [Triangle],"*Known sensitizer, see above.",Chemical added to the list,7/24/2013,
79-89-0,Methyl delta ionone,"3-Buten-2-one, 3-methyl-4-(2,6,6-trimethyl-1-cyclohexen-1-yl)-",Grey [Square],*Flagged on 9/5/2014 for removal from SCIL in 12 months,Chemical added to the list,7/24/2013,
79-92-5,Camphene,"Bicyclo[2.2.1]heptane, 2,2-dimethyl-3-methylene-",Yellow [Triangle],"*Lacks sufficient sensitization data, see above.",Chemical added to the list,7/24/2013,
80-26-2,Terpinyl acetate,"3-Cyclohexene-1-methanol, .alpha.,.alpha.,4-trimethyl-, 1-acetate",Grey [Square],*Flagged on 9/5/2014 for removal from SCIL in 12 months,Chemical added to the list,7/24/2013,
87-20-7,Isoamyl salicylate,"Benzoic acid, 2-hydroxy-, 3-methylbutyl ester",Grey [Square],*Flagged on 9/5/2014 for removal from SCIL in 12 months,Chemical added to the list,7/24/2013,
88-41-5,Verdox,"Cyclohexanol, 2-(1,1-dimethylethyl)-, 1-acetate",Yellow [Triangle],*Lacks sufficient sensitization data; repeat dose toxicant. See above.,Chemical added to the list,7/24/2013,
89-78-1,"Menthol, racemic","Cyclohexanol, 5-methyl-2-(1-methylethyl)-, (1R,2S,5R)-rel-",Yellow [Triangle],"*Known sensitizer, see above.",Chemical added to the list,7/24/2013,
89-79-2,Isopulegol,"Cyclohexanol, 5-methyl-2-(1-methylethenyl)-, (1R,2S,5R)-",Yellow [Triangle],"*Repeat dose toxicant, see above.",Chemical added to the list,7/24/2013,
93-04-9,"Naphthalene, 2-methoxy-","Naphthalene, 2-methoxy-",Yellow [Triangle],"*Lacks sufficient sensitization data, see above.",Chemical added to the list,7/24/2013,
93-08-3,2-Acetylnaphthalene,"Ethanone, 1-(2-naphthalenyl)-",Yellow [Triangle],"*Lacks sufficient sensitization data, see above.",Chemical added to the list,7/24/2013,
93-18-5,"Naphthalene, 2-ethoxy-","Naphthalene, 2-ethoxy-",Yellow [Triangle],"*Lacks sufficient sensitization data, see above.",Chemical added to the list,7/24/2013,
93-58-3,Methyl benzoate,"Benzoic acid, methyl ester",Yellow [Triangle],"*Repeat dose toxicant, see above.",Chemical added to the list,7/24/2013,
98-52-2,4-tert-Butylcyclohexanol,"Cyclohexanol, 4-(1,1-dimethylethyl)-",Yellow [Triangle],"*Repeat dose toxicant, see above.",Chemical added to the list,7/24/2013,
98-55-5,alpha-Terpineol,"3-Cyclohexene-1-methanol, .alpha.,.alpha.,4-trimethyl-",Grey [Square],*Flagged on 9/5/2014 for removal from SCIL in 12 months,Chemical added to the list,7/24/2013,
99-49-0,Carvone,"2-Cyclohexen-1-one, 2-methyl-5-(1-methylethenyl)-",Yellow [Triangle],*Known sensitizer; repeat dose toxicant. See above.,Chemical added to the list,7/24/2013,
99-85-4,gamma-Terpinene,"1,4-Cyclohexadiene, 1-methyl-4-(1-methylethyl)-",Grey [Square],*Flagged on 9/5/2014 for removal from SCIL in 12 months,Chemical added to the list,7/24/2013,
101-84-8,Diphenyl oxide,"Benzene, 1,1'-oxybis-",Yellow [Triangle],"*Lacks sufficient sensitization data, see above.",Chemical added to the list,7/24/2013,
102-76-1,Glycerol triacetate,"1,2,3-Propanetriol, 1,2,3-triacetate",Green [Circle],,Chemical added to the list,7/24/2013,
104-67-6,Gamma-undecalactone,"2(3H)-Furanone, 5-heptyldihydro-",Half Green [Circle],,Chemical added to the list,7/24/2013,
105-53-3,Diethyl malonate,"Propanedioic acid, 1,3-diethyl ester",Green [Circle],,Chemical added to the list,7/24/2013,
105-95-3,Ethylene brassylate,"1,4-Dioxacycloheptadecane-5,17-dione",Half Green [Circle],,Chemical added to the list,7/24/2013,
106-21-8,Dihydrocitronellol,"1-Octanol, 3,7-dimethyl-",Yellow [Triangle],"*Repeat dose toxicant, see above.",Chemical added to the list,7/24/2013,
106-22-9,Citronellol,"6-Octen-1-ol, 3,7-dimethyl-",Yellow [Triangle],*Known sensitizer; repeat dose toxicant. See above.,Chemical added to the list,7/24/2013,
106-23-0,Citronellal,"6-Octenal, 3,7-dimethyl-",Yellow [Triangle],*Known sensitizer; repeat dose toxicant. See above.,Chemical added to the list,7/24/2013,
106-72-9,Melonal,"5-Heptenal, 2,6-dimethyl-",Yellow [Triangle],*Known sensitizer; repeat dose toxicant. See above.,Chemical added to the list,7/24/2013,
107-75-5,Hydroxycitronellal,"Octanal, 7-hydroxy-3,7-dimethyl-",Yellow [Triangle],*Known sensitizer; repeat dose toxicant. See above.,Chemical added to the list,7/24/2013,
110-41-8,"Undecanal, 2-methyl-","Undecanal, 2-methyl-",Yellow [Triangle],"*Known sensitizer, see above.",Chemical added to the list,7/24/2013,
112-31-2,Decaldehyde,Decanal,Yellow [Triangle],"*Known sensitizer, see above.",Chemical added to the list,7/24/2013,
112-44-7,Undecanal,Undecanal,Yellow [Triangle],"*Known sensitizer, see above.",Chemical added to the list,7/24/2013,
112-45-8,10-Undecenal,10-Undecenal,Yellow [Triangle],"*Known sensitizer, see above.",Chemical added to the list,7/24/2013,
112-54-9,Dodecanal,Dodecanal,Yellow [Triangle],"*Known sensitizer, see above.",Chemical added to the list,7/24/2013,
115-95-7,Linalyl acetate,"1,6-Octadien-3-ol, 3,7-dimethyl-, 3-acetate",Yellow [Triangle],"*Known sensitizer, see above.",Chemical added to the list,7/24/2013,
118-58-1,Benzyl salicylate,"Benzoic acid, 2-hydroxy-, phenylmethyl ester",Grey [Square],*Flagged on 9/5/2014 for removal from SCIL in 12 months,Chemical added to the list,7/24/2013,
120-72-9,Indole,1H-Indole,Yellow [Triangle],*Lacks sufficient sensitization data; repeat dose toxicant. See above.,Chemical added to the list,7/24/2013,
121-32-4,Ethyl vanillin,"Benzaldehyde, 3-ethoxy-4-hydroxy-",Half Green [Circle],,Chemical added to the list,7/24/2013,
121-33-5,Vanillin,"Benzaldehyde, 4-hydroxy-3-methoxy-",Green [Circle],,Chemical added to the list,7/24/2013,
122-03-2,Cuminaldehyde,"Benzaldehyde, 4-(1-methylethyl)-",Yellow [Triangle],"*Known sensitizer, see above.",Chemical added to the list,7/24/2013,
124-13-0,Octanal,Octanal,Yellow [Triangle],"*Known sensitizer, see above.",Chemical added to the list,7/24/2013,
124-19-6,Nonanal,Nonanal,Yellow [Triangle],"*Known sensitizer, see above.",Chemical added to the list,7/24/2013,
127-41-3,alpha-Ionone,"3-Buten-2-one, 4-(2,6,6-trimethyl-2-cyclohexen-1-yl)-, (3E)-",Grey [Square],*Flagged on 9/5/2014 for removal from SCIL in 12 months,Chemical added to the list,7/24/2013,
127-51-5,alpha-Isomethylionone,"3-Buten-2-one, 3-methyl-4-(2,6,6-trimethyl-2-cyclohexen-1-yl)-",Grey [Square],*Flagged on 9/5/2014 for removal from SCIL in 12 months,Chemical added to the list,7/24/2013,
137-03-1,2-Heptylcyclopentan-1-one,"Cyclopentanone, 2-heptyl-",Yellow [Triangle],"*Lacks sufficient sensitization data, see above.",Chemical added to the list,7/24/2013,
138-86-3,Dipentene,"Cyclohexene, 1-methyl-4-(1-methylethenyl)-",Yellow [Triangle],"*Known sensitizer, see above.",Chemical added to the list,7/24/2013,
143-08-8,1-Nonanol,1-Nonanol,Yellow [Triangle],"*Repeat dose toxicant, see above.",Chemical added to the list,7/24/2013,
150-78-7,"1,4-dimethoxybenzene","Benzene, 1,4-dimethoxy-",Yellow [Triangle],"*Repeat dose toxicant, see above.",Chemical added to the list,7/24/2013,
150-84-5,Citronellyl acetate,"6-Octen-1-ol, 3,7-dimethyl-, 1-acetate",Yellow [Triangle],*Known sensitizer; repeat dose toxicant. See above.,Chemical added to the list,7/24/2013,
470-82-6,Eucalyptol,"2-Oxabicyclo[2.2.2]octane, 1,3,3-trimethyl-",Yellow [Triangle],"*Known sensitizer, see above.",Chemical added to the list,7/24/2013,
586-62-9,Terpinolene,"Cyclohexene, 1-methyl-4-(1-methylethylidene)-",Grey [Square],*Flagged on 9/5/2014 for removal from SCIL in 12 months,Chemical added to the list,7/24/2013,
706-14-9,gamma-Decalactone,"2(3H)-Furanone, 5-hexyldihydro-",Half Green [Circle],,Chemical added to the list,7/24/2013,
928-96-1,cis-3-hexenol,"3-Hexen-1-ol, (3Z)-",Yellow [Triangle],"*Lacks sufficient sensitization data, see above.",Chemical added to the list,7/24/2013,
1191-16-8,Dimethylallyl acetate,"2-Buten-1-ol, 3-methyl-, 1-acetate",Yellow [Triangle],"*Lacks sufficient sensitization data, see above.",Chemical added to the list,7/24/2013,
1335-46-2,Methylionone,"Ionone, methyl-",Grey [Square],*Flagged on 9/5/2014 for removal from SCIL in 12 months,Chemical added to the list,7/24/2013,
2050-08-0,Amyl salicylate,"Benzoic acid, 2-hydroxy-, pentyl ester",Grey [Square],*Flagged on 9/5/2014 for removal from SCIL in 12 months,Chemical added to the list,7/24/2013,
2216-51-5,L-Menthol,"Cyclohexanol, 5-methyl-2-(1-methylethyl)-, (1R,2S,5R)-",Yellow [Triangle],"*Known sensitizer, see above.",Chemical added to the list,7/24/2013,
3681-71-8,(Z)- cis-3-Hexenyl acetate,"3-Hexen-1-ol, 1-acetate, (3Z)-",Yellow [Triangle],"*Lacks sufficient sensitization data, see above.",Chemical added to the list,7/24/2013,
4819-67-4,"Cyclopentanone, 2-pentyl-","Cyclopentanone, 2-pentyl-",Yellow [Triangle],"*Lacks sufficient sensitization data, see above.",Chemical added to the list,7/24/2013,
5413-60-5,Verdyl acetate,"4,7-Methano-1H-inden-6-ol, 3a,4,5,6,7,7a-hexahydro-, 6-acetate",Yellow [Triangle],"*Lacks sufficient sensitization data, see above.",Chemical added to the list,7/24/2013,
6259-76-3,Hexyl Salicylate,"Benzoic acid, 2-hydroxy-, hexyl ester",Grey [Square],*Flagged on 9/5/2014 for removal from SCIL in 12 months,Chemical added to the list,7/24/2013,
6485-40-1,l-Carvone,"2-Cyclohexen-1-one, 2-methyl-5-(1-methylethenyl)-, (5R)-",Yellow [Triangle],*Known sensitizer; repeat dose toxicant. See above.,Chemical added to the list,7/24/2013,
7779-30-8,alpha-Methyl ionone,"1-Penten-3-one, 1-(2,6,6-trimethyl-2-cyclohexen-1-yl)-",Grey [Square],*Flagged on 9/5/2014 for removal from SCIL in 12 months,Chemical added to the list,7/24/2013,
8000-41-7,Terpineol (mixed isomers),Terpineol,Grey [Square],*Flagged on 9/5/2014 for removal from SCIL in 12 months,Chemical added to the list,7/24/2013,
8007-35-0,Terpineol acetate,"Terpineol, acetate",Grey [Square],*Flagged on 9/5/2014 for removal from SCIL in 12 months,Chemical added to the list,7/24/2013,
8008-57-9,Sweet orange oil,"Oils, orange, sweet",Yellow [Triangle],"*Known sensitizer, see above.",Chemical added to the list,7/24/2013,
8013-90-9,Ionone,Ionone,Grey [Square],*Flagged on 9/5/2014 for removal from SCIL in 12 months,Chemical added to the list,7/24/2013,
10250-45-0,Diisobutyl carbinyl acetate,"4-Heptanol, 2,6-dimethyl-, 4-acetate",Yellow [Triangle],*Lacks sufficient sensitization data; repeat dose toxicant. See above.,Chemical added to the list,7/24/2013,
10339-55-6,Ethyl linalool,"1,6-Nonadien-3-ol, 3,7-dimethyl-",Yellow [Triangle],"*Known sensitizer, see above.",Chemical added to the list,7/24/2013,
13254-34-7,"2,6-Dimethyl-2-heptanol","2-Heptanol, 2,6-dimethyl-",Yellow [Triangle],"*Lacks sufficient sensitization data, see above.",Chemical added to the list,7/24/2013,
14901-07-6,beta-Ionone,"3-Buten-2-one, 4-(2,6,6-trimethyl-1-cyclohexen-1-yl)-",Grey [Square],*Flagged on 9/5/2014 for removal from SCIL in 12 months,Chemical added to the list,7/24/2013,
17511-60-3,Tricyclodecenyl propionate,"4,7-Methano-1H-inden-6-ol, 3a,4,5,6,7,7a-hexahydro-, 6-propanoate",Yellow [Triangle],"*Lacks sufficient sensitization data, see above.",Chemical added to the list,7/24/2013,
18479-58-8,Dihydromyrcenol,"7-Octen-2-ol, 2,6-dimethyl-",Half Green [Circle],,Chemical added to the list,7/24/2013,
18871-14-2,Jasmal,"Pentitol, 1,5-anhydro-2,4-dideoxy-2-pentyl-, 3-acetate",Half Green [Circle],,Chemical added to the list,7/24/2013,
22457-23-4,3-Methyl-5-heptanone oxime,"3-Heptanone, 5-methyl-, oxime",Yellow [Triangle],"*Lacks sufficient sensitization data, see above.",Chemical added to the list,7/24/2013,
24851-98-7,Methyl dihydrojasmonate,"Cyclopentaneacetic acid, 3-oxo-2-pentyl-, methyl ester",Green [Circle],,Chemical added to the list,7/24/2013,
28219-61-6,"2-Buten-1-ol, 2-ethyl-4-(2,2,3-trimethyl-3-cyclopenten-1-yl)- (Bacdanol)","2-Buten-1-ol, 2-ethyl-4-(2,2,3-trimethyl-3-cyclopenten-1-yl)-",Half Green [Circle],,Chemical added to the list,7/24/2013,
32210-23-4,4-t-Butylcyclohexyl acetate ,"Cyclohexanol, 4-(1,1-dimethylethyl)-, 1-acetate",Yellow [Triangle],*Known sensitizer; repeat dose toxicant. See above.,Chemical added to the list,7/24/2013,
51115-63-0,2-Methylbutyl salicylate,"Benzoic acid, 2-hydroxy-, 2-methylbutyl ester",Grey [Square],*Flagged on 9/5/2014 for removal from SCIL in 12 months,Chemical added to the list,7/24/2013,
53219-21-9,"7-Octen-2-ol, 2-methyl-6-methylene-, dihydro deriv.","7-Octen-2-ol, 2-methyl-6-methylene-, dihydro deriv.",Half Green [Circle],,Chemical added to the list,7/24/2013,
54830-99-8,"4,7-Methano-1H-indenol, 3a,4,5,6,7,7a-hexahydro-, acetate","4,7-Methano-1H-indenol, 3a,4,5,6,7,7a-hexahydro-, acetate",Yellow [Triangle],"*Lacks sufficient sensitization data, see above.",Chemical added to the list,7/24/2013,
55066-48-3,"Benzenepentanol, gamma-methyl-","Benzenepentanol, .gamma.-methyl-",Yellow [Triangle],"*Known sensitizer, see above.",Chemical added to the list,7/24/2013,
57378-68-4,delta-Damascone,"2-Buten-1-one, 1-(2,6,6-trimethyl-3-cyclohexen-1-yl)-",Grey [Square],*Flagged on 9/5/2014 for removal from SCIL in 12 months,Chemical added to the list,7/24/2013,
61931-80-4,Ethyl linalyl acetate,"1,6-Nonadien-3-ol, 3,7-dimethyl-, 3-acetate",Yellow [Triangle],"*Lacks sufficient sensitization data, see above.",Chemical added to the list,7/24/2013,
63500-71-0,Florol,"2H-Pyran-4-ol, tetrahydro-4-methyl-2-(2-methylpropyl)-",Half Green [Circle],,Chemical added to the list,7/24/2013,
65113-99-7,Sandalore,"3-Cyclopentene-1-butanol, .alpha.,.beta.,2,2,3-pentamethyl-",Half Green [Circle],,Chemical added to the list,7/24/2013,
65405-77-8,3-Hexenyl salicylate,"Benzoic acid, 2-hydroxy-, (3Z)-3-hexen-1-yl ester",Grey [Square],*Flagged on 9/5/2014 for removal from SCIL in 12 months,Chemical added to the list,7/24/2013,
67633-96-9,3-cis-Hexenyl methyl carbonate,"Carbonic acid, (3Z)-3-hexen-1-yl methyl ester",Yellow [Triangle],"*Lacks sufficient sensitization data, see above.",Chemical added to the list,7/24/2013,
67634-14-4,"para-Ethyl-alpha,alpha-dimethyl-hydrocinnamaldehyde","Benzenepropanal, 2-ethyl-.alpha.,.alpha.-dimethyl-",Yellow [Triangle],*Lacks sufficient sensitization data; repeat dose toxicant. See above.,Chemical added to the list,7/24/2013,
67634-15-5,Ethyl dimethylhydrocinnamaldehyde,"Benzenepropanal, 4-ethyl-.alpha.,.alpha.-dimethyl-",Yellow [Triangle],*Lacks sufficient sensitization data; repeat dose toxicant. See above.,Chemical added to the list,7/24/2013,
68039-39-4,"Propanoic acid, 2-methyl-, 3a,4,5,6,7,7a-hexahydro-4,7-methano-1H-inden-6-yl ester","Propanoic acid, 2-methyl-, 3a,4,5,6,7,7a-hexahydro-4,7-methano-1H-inden-6-yl ester",Yellow [Triangle],"*Lacks sufficient sensitization data, see above.",Chemical added to the list,7/24/2013,
68039-49-6,Ligustral,"3-Cyclohexene-1-carboxaldehyde, 2,4-dimethyl-",Yellow [Triangle],*Known sensitizer; repeat dose toxicant. See above.,Chemical added to the list,7/24/2013,
68737-61-1,Dimethyl tetrahydrobenzaldehyde,"3-Cyclohexene-1-carboxaldehyde, 2,4(or 3,5)-dimethyl-",Yellow [Triangle],*Known sensitizer; repeat dose toxicant. See above.,Chemical added to the list,7/24/2013,
68912-13-0,Dicyclopentadiene propionate,"4,7-Methano-1H-indenol, 3a,4,5,6,7,7a-hexahydro-, propanoate",Yellow [Triangle],"*Lacks sufficient sensitization data, see above.",Chemical added to the list,7/24/2013,
70788-30-6,"Cyclohexanepropanol, 2,2,6-trimethyl-.alpha.-propyl-","Cyclohexanepropanol, 2,2,6-trimethyl-.alpha.-propyl-",Yellow [Triangle],"*Lacks sufficient sensitization data, see above.",Chemical added to the list,7/24/2013,
81752-87-6,"Cyclohexanecarboxylic acid, 2,2-dimethyl-6-methylene-, methyl ester","Cyclohexanecarboxylic acid, 2,2-dimethyl-6-methylene-, methyl ester",Yellow [Triangle],"*Lacks sufficient sensitization data, see above.",Chemical added to the list,7/24/2013,
81782-77-6,"3-Decen-5-ol, 4-methyl-","3-Decen-5-ol, 4-methyl-",Yellow [Triangle],*Known sensitizer; repeat dose toxicant. See above.,Chemical added to the list,7/24/2013,
86803-90-9,Scentenal,"4,7-Methano-1H-indene-2-carboxaldehyde, octahydro-5-methoxy-",Yellow [Triangle],"*Known sensitizer, see above.",Chemical added to the list,7/24/2013,
125109-85-5,Isopropylphenylbutanal,"Benzenepropanal, .beta.-methyl-3-(1-methylethyl)-",Yellow [Triangle],*Lacks sufficient sensitization data; repeat dose toxicant. See above.,Chemical added to the list,7/24/2013,
166432-52-6,"1,3-Undecadien-5-yne","1,3-Undecadien-5-yne",Yellow [Triangle],"*Lacks sufficient sensitization data, see above.",Chemical added to the list,7/24/2013,
38285-49-3,Jasmin pyranol,"2H-Pyran-4-ol, 3-butyltetrahydro-5-methyl-, acetate",Half Green [Circle],,Chemical added to the list,7/24/2013,
543-39-5,Myrcenol,"7-Octen-2-ol, 2-methyl-6-methylene-",Half Green [Circle],,Chemical added to the list,7/24/2013,
1490-04-6,Menthol (unspecified isomer),"Cyclohexanol, 5-methyl-2-(1-methylethyl)-",Yellow [Triangle],"*Known sensitizer, see above.",Chemical added to the list,7/24/2013,
15356-60-2,D-Menthol,"Cyclohexanol, 5-methyl-2-(1-methylethyl)-, (1S,2R,5S)-",Yellow [Triangle],"*Known sensitizer, see above.",Chemical added to the list,7/24/2013,
928-97-2,trans-3-Hexenol,"3-Hexen-1-ol, (3E)-",Yellow [Triangle],"*Lacks sufficient sensitization data, see above.",Chemical added to the list,7/24/2013,
108-59-8,Dimethyl malonate,"Propanedioic acid, 1,3-dimethyl ester",Green [Circle],,Chemical added to the list,7/24/2013,
111-87-5,1-Octanol,1-Octanol,Yellow [Triangle],"*Repeat dose toxicant, see above.",Chemical added to the list,7/24/2013,
112-30-1,1-Decanol,1-Decanol,Yellow [Triangle],"*Repeat dose toxicant, see above.",Chemical added to the list,7/24/2013,
112-42-5,1-Undecanol,1-Undecanol,Yellow [Triangle],"*Repeat dose toxicant, see above.",Chemical added to the list,7/24/2013,
112-53-8,1-Dodecanol,1-Dodecanol,Yellow [Triangle],"*Repeat dose toxicant, see above.",Chemical added to the list,7/24/2013,
112-72-1,1-Tetradecanol,1-Tetradecanol,Yellow [Triangle],"*Repeat dose toxicant, see above.",Chemical added to the list,7/24/2013,
54982-83-1,Muskonate,"1,4-Dioxacyclohexadecane-5,16-dione ",Half Green [Circle],,Chemical added to the list,7/24/2013,
104-50-7,gamma-Octalactone,"2(3H)-Furanone, 5-butyldihydro-",Half Green [Circle],,Chemical added to the list,7/24/2013,
104-61-0,gamma-Nonalactone,"2(3H)-Furanone, dihydro-5-pentyl-",Half Green [Circle],,Chemical added to the list,7/24/2013,
105-21-5,gamma-Heptalactone,"2(3H)-Furanone, dihydro-5-propyl-",Half Green [Circle],,Chemical added to the list,7/24/2013,
695-06-7,gamma-Hexalactone,"2(3H)-Furanone, 5-ethyldihydro-",Half Green [Circle],,Chemical added to the list,7/24/2013,
692-86-4,Ethyl undecylenate,"10-Undecenoic acid, ethyl ester",Yellow [Triangle],"*Repeat dose toxicant, see above.",Chemical added to the list,7/24/2013,
111-81-9,Methyl undecylenate,"10-Undecenoic acid, methyl ester",Yellow [Triangle],"*Repeat dose toxicant, see above.",Chemical added to the list,7/24/2013,
70879-60-6,"(C16-C18)Alkyloxypolyethoxy ethyl methacrylate, ethyl acrylate,methacrylic acid polymer","2-Propenoic acid, 2-methyl-, polymers with Et acrylate and polyethylene glycol methacrylate C16-18-alkyl ethers",Green [Circle],,Chemical added to the list,7/24/2013,
68603-25-8,"Alcohols, C8-10, ethoxylated propoxylated","Alcohols, C8-10, ethoxylated propoxylated",Green [Circle],,Chemical added to the list,7/24/2013,
65-85-0,Benzoic acid,Benzoic acid,Green [Circle],,Chemical added to the list,7/24/2013,
1330-43-4,Boron sodium oxide (B4Na2O7),Boron sodium oxide (B4Na2O7),Yellow [Triangle],*Only allowed as a protease stabilizer,Chemical added to the list,7/24/2013,
3626-36-6,C.I. Direct Orange 26,"2-Naphthalenesulfonic acid, 7,7'-(carbonyldiimino)bis[4-hydroxy-3-(2-phenyldiazenyl)-, sodium salt (1:2)",Yellow [Triangle],,Chemical added to the list,7/24/2013,
67846-68-8,"Ethanaminium, N,N-dimethyl-2-[(1-oxooctadecyl)oxy]-N-[2-[(1-oxooctadecyl)oxy]ethyl]-, chloride","Ethanaminium, N,N-dimethyl-2-[(1-oxooctadecyl)oxy]-N-[2-[(1-oxooctadecyl)oxy]ethyl]-, chloride (1:1)",Green [Circle],,Chemical added to the list,7/24/2013,
15790-07-5,FD&C Yellow No. 6-aluminum lake,C.I. Pigment Yellow 104,Yellow [Triangle],,Chemical added to the list,7/24/2013,
68410-45-7,"Gelatins, hydrolyzates","Gelatins, hydrolyzates",Green [Circle],,Chemical added to the list,7/24/2013,
13446-18-9,"Magnesium(II) nitrate, hexahydrate","Nitric acid, magnesium salt (2:1)",Yellow [Triangle],*Only allowed as a preservative stabilizer,Chemical added to the list,7/24/2013,
20846-91-7,"N,N'-Ethylenediamine disuccinic acid","L-Aspartic acid, N,N'-1,2-ethanediylbis-",Half Green [Circle],,Chemical added to the list,7/24/2013,
6683-19-8,"Pentaerythritol, tetrakis(3,5-di-tert-butyl-4-hydroxyhydrocinnamate)","Benzenepropanoic acid, 3,5-bis(1,1-dimethylethyl)-4-hydroxy-, 1,1'-[2,2-bis[[3-[3,5-bis(1,1-dimethylethyl)-4-hydroxyphenyl]-1-oxopropoxy]methyl]-1,3-propanediyl] ester",Green [Circle],,Chemical added to the list,7/24/2013,
26183-52-8,"Poly(oxy-1,2-ethanediyl), .alpha.-decyl-.omega.-hydroxy-","Poly(oxy-1,2-ethanediyl), .alpha.-decyl-.omega.-hydroxy-",Green [Circle],,Chemical added to the list,7/24/2013,
9011-05-6,Polynoxylin,"Urea, polymer with formaldehyde",Yellow [Triangle],,Chemical added to the list,7/24/2013,
126-92-1,Sodium ethasulfate,"Sulfuric acid, mono(2-ethylhexyl) ester, sodium salt (1:1)",Green [Circle],,Chemical added to the list,7/24/2013,
178949-82-1,Sodium ethylene diamine disuccinate,"L-Aspartic acid, N,N'-1,2-ethanediylbis-, sodium salt (1:3)",Half Green [Circle],,Chemical added to the list,7/24/2013,
55934-93-5,Tripropylene glycol n-butyl ether,"Propanol, [2-(2-butoxymethylethoxy)methylethoxy]-",Green [Circle],,Chemical added to the list,12/21/2012,
64-17-5,Ethanol,Ethanol,Green [Circle],,Chemical added to the list,12/21/2012,
67-63-0,Isopropanol,2-Propanol,Green [Circle],,Chemical added to the list,12/21/2012,
7732-18-5,Water,Water,Green [Circle],,Chemical added to the list,12/21/2012,
8052-35-5,"Molasses, blackstrap","Molasses, blackstrap",Green [Circle],,Chemical added to the list,12/21/2012,
9003-07-0,Polypropylene,"1-Propene, homopolymer",Green [Circle],,Chemical added to the list,12/21/2012,
13463-67-7,Titanium(IV) oxide,Titanium oxide (TiO2),Green [Circle],,Chemical added to the list,12/21/2012,
9003-39-8,Polyvinylpyrrolidone,"2-Pyrrolidinone, 1-ethenyl-, homopolymer",Green [Circle],,Chemical added to the list,12/21/2012,
3844-45-9,FD&C Blue No.1,"Benzenemethanaminium, N-ethyl-N-[4-[[4-[ethyl[(3-sulfophenyl)methyl]amino]phenyl](2-sulfophenyl)methylene]-2,5-cyclohexadien-1-ylidene]-3-sulfo-, inner salt, sodium salt (1:2)",Green [Circle],,Geometric color code changed from Yellow [Triangle] to Green [Circle],12/21/2012,
53563-70-5,"Poly(oxy-1,2-ethanediyl), .alpha.-(carboxymethyl)-.omega.-(octyloxy)-","Poly(oxy-1,2-ethanediyl), .alpha.-(carboxymethyl)-.omega.-(octyloxy)-",Green [Circle],,Chemical added to the list,12/21/2012,
39354-45-5,"Poly(oxy-1,2-ethanediyl), .alpha.-(3-carboxy-1-oxo-3-sulfopropyl)-.omega.-(dodecyloxy)-, disodium salt","Poly(oxy-1,2-ethanediyl), .alpha.-(3-carboxy-1-oxo-3-sulfopropyl)-.omega.-(dodecyloxy)-, sodium salt (1:2)",Green [Circle],,Chemical added to the list,12/21/2012,
68605-97-0,"Fatty acids, tallow, hydrogenated, compds. with triethanolamine","Fatty acids, tallow, hydrogenated, compds. with triethanolamine",Green [Circle],,Chemical added to the list,12/21/2012,
26590-05-6,"2-Propen-1-aminium, N,N-dimethyl-N-2-propenyl-, chloride, polymer with 2-propenamide","2-Propen-1-aminium, N,N-dimethyl-N-2-propen-1-yl-, chloride (1:1), polymer with 2-propenamide",,,Chemical removed from list,12/21/2012,
68989-22-0,"Zeolites, NaA","Zeolites, NaA",Green [Circle],,Chemical added to the list,12/21/2012,
1318-02-1,Zeolites,Zeolites,Green [Circle],,Chemical added to the list,12/21/2012,
27593-14-2,Octyldimethylbetaine,"1-Octanaminium, N-(carboxymethyl)-N,N-dimethyl-, inner salt",Green [Circle],,Chemical added to the list,12/21/2012,
