"Chemical Name","CAS Registry Number (or EDF Substance ID)"
"ACENAPHTHENE","83-32-9"
"ACENAPHTHYLENE","208-96-8"
"ALPHA-ENDOSULFAN","959-98-8"
"ANTHRACENE","120-12-7"
"BENZO(GHI)PERYLENE","191-24-2"
"BETA-ENDOSULFAN","33213-65-9"
"4-BROMOPHENYL PHENYL ETHER","101-55-3"
"CADMIUM","7440-43-9"
"DIBENZOFURAN","132-64-9"
"DIBENZOFURANS (CHLORINATED)","1080"
"FLUORENE","86-73-7"
"GAMMA-LINDANE","58-89-9"
"HEPTACHLOR","76-44-8"
"HEPTACHLOR EPOXIDE","1024-57-3"
"HEXACHLORO-1,3-BUTADIENE","87-68-3"
"HEXACHLOROBENZENE","118-74-1"
"HEXACHLOROETHANE","67-72-1"
"LEAD","7439-92-1"
"MERCURY","7439-97-6"
"METHOXYCHLOR","72-43-5"
"NAPHTHALENE","91-20-3"
"PENDIMETHALIN","40487-42-1"
"PENTACHLOROBENZENE","608-93-5"
"PENTACHLOROPHENOL","87-86-5"
"PHENANTHRENE","85-01-8"
"POLYCHLORINATED DIBENZO-P-DIOXINS","PCDD"
"POLYCYCLIC AROMATIC COMPOUNDS","65996-93-2"
"PYRENE","129-00-0"
"QUINTOZENE","82-68-8"
"1,2,4,5-TETRACHLORBENZOL","95-94-3"
"1,2,4-TRICHLOROBENZENE","120-82-1"
"2,4,5-TRICHLOROPHENOL","95-95-4"
"TRIFLURALIN","1582-09-8"
