"Chemical Name","CAS Registry Number (or EDF Substance ID)"
"BROMOCHLORODIFLUOROMETHANE","353-59-3"
"BROMODIFLUOROETHANE (3 ISOMERS)","EDF-250"
"BROMODIFLUOROMETHANE","1511-62-2"
"BROMODIFLUOROPROPANE (9 ISOMERS)","EDF-238"
"BROMOFLUOROETHANE (2 ISOMERS)","EDF-261"
"BROMOFLUOROMETHANE","373-52-4"
"BROMOFLUOROPROPANE (5 ISOMERS)","EDF-236"
"BROMOHEXAFLUOROPROPANE (5 ISOMERS)","EDF-245"
"BROMOPENTAFLUOROPROPANE (8 ISOMERS)","EDF-231"
"BROMOTETRAFLUOROETHANE (2 ISOMERS)","EDF-255"
"BROMOTETRAFLUOROPROPANE (12 ISOMERS)","EDF-243"
"BROMOTRIFLUOROETHANE (3 ISOMERS)","EDF-248"
"BROMOTRIFLUOROMETHANE","75-63-8"
"BROMOTRIFLUOROPROPANE (12 ISOMERS)","EDF-240"
"CARBON TETRACHLORIDE","56-23-5"
"2-CHLORO-1,1,1,2-TETRAFLUOROETHANE","2837-89-0"
"2-CHLORO-1,1,1-TRIFLUOROETHANE","75-88-7"
"3-CHLORO-1,1,1-TRIFLUOROPROPANE","460-35-5"
"1-CHLORO-1,1,2,2-TETRAFLUOROETHANE","354-25-6"
"1-CHLORO-1,1-DIFLUOROETHANE","75-68-3"
"2-CHLORO-1,3-DIFLUOROPROPANE","102738-79-4"
"1-CHLORO-2,2,3,3-TETRAFLUOROPROPANE","679-85-6"
"1-CHLORO-2-FLUOROETHANE","762-50-5"
"2-CHLORO-2-FLUOROPROPANE","420-44-0"
"CHLORODIFLUOROETHANE","EDF-265"
"CHLORODIFLUOROMETHANE","75-45-6"
"CHLORODIFLUOROPROPANE","EDF-284"
"CHLOROFLUOROETHANE","EDF-092"
"CHLOROFLUOROMETHANE","593-70-4"
"CHLOROFLUOROPROPANE","EDF-285"
"CHLOROHEPTAFLUOROPROPANE","422-86-6"
"CHLOROHEXAFLUOROPROPANE","EDF-270"
"CHLOROPENTAFLUOROPROPANE","EDF-275"
"CHLOROTETRAFLUOROETHANE","63938-10-3"
"CHLOROTETRAFLUOROPROPANE","EDF-279"
"CHLOROTRIFLUOROMETHANE","75-72-9"
"CHLOROTRIFLUOROPROPANE","EDF-282"
"DIBROMODIFLUOROETHANE (4 ISOMERS)","EDF-247"
"DIBROMODIFLUOROPROPANE (16 ISOMERS)","EDF-241"
"DIBROMOFLUOROETHANE (3 ISOMERS)","EDF-251"
"DIBROMOFLUOROMETHANE","1868-53-7"
"DIBROMOFLUOROPROPANE (9 ISOMERS)","EDF-237"
"DIBROMOPENTAFLUOROPROPANE (9 ISOMERS)","EDF-232"
"DIBROMOTETRAFLUOROETHANE [HALON 2402]","124-73-2"
"DIBROMOTETRAFLUOROPROPANE (16 ISOMERS)","EDF-259"
"DIBROMOTRIFLUOROETHANE (3 ISOMERS)","EDF-246"
"DIBROMOTRIFLUOROPROPANE (18 ISOMERS)","EDF-244"
"3,3-DICHLORO-1,1,1,2,2-PENTAFLUOROPROPANE","422-56-0"
"2,3-DICHLORO-1,1,1,2,3-PENTAFLUOROPROPANE(HCFC-225BA)","422-48-0"
"2,2-DICHLORO-1,1,1,3,3-PENTAFLUOROPROPANE(HCFC-225AA)","128903-21-9"
"3,3-DICHLORO-1,1,1-TRIFLUOROPROPANE","460-69-5"
"2,3-DICHLORO-1,1,1-TRIFLUOROPROPANE","338-75-0"
"1,3-DICHLORO-1,1,2,2,3-PENTAFLUOROPROPANE","507-55-1"
"1,2-DICHLORO-1,1,2,3,3-PENTAFLUOROPROPANE(HCFC-225BB)","422-44-6"
"1,3-DICHLORO-1,1,2,3,3-PENTAFLUOROPROPANE(HCFC-225EA)","136013-79-1"
"1,2-DICHLORO-1,1,2-TRIFLUOROETHANE","354-23-4"
"1,2-DICHLORO-1,1,3,3,3-PENTAFLUOROPROPANE(HCFC-225DA)","431-86-7"
"1,2-DICHLORO-1,1-DIFLUOROETHANE","1649-08-7"
"1,1-DICHLORO-1,2,2,3,3-PENTAFLUOROPROPANE(HCFC-225CC)","13474-88-9"
"1,1-DICHLORO-1,2,2-TRIFLUOROETHANE","812-04-4"
"1,1-DICHLORO-1,2,2-TRIFLUOROPROPANE","7125-99-7"
"1,1-DICHLORO-1,2,3,3,3-PENTAFLUOROPROPANE(HCFC-225EB)","111512-56-2"
"1,1-DICHLORO-1-FLUOROETHANE","1717-00-6"
"1,1-DICHLORO-1-FLUOROPROPANE","7799-56-6"
"DICHLORODIFLUOROETHANE","25915-78-0"
"DICHLORODIFLUOROMETHANE","75-71-8"
"DICHLORODIFLUOROPROPANE","EDF-281"
"DICHLOROFLUOROETHANE","EDF-264"
"1,2-DICHLOROFLUOROETHANE","430-57-9"
"DICHLOROFLUOROMETHANE","75-43-4"
"DICHLOROFLUOROPROPANE","EDF-283"
"DICHLOROHEXAFLUOROPROPANE","661-97-2"
"DICHLOROTETRAFLUOROETHANE (CFC-114)","76-14-2"
"DICHLOROTETRAFLUOROPROPANE","EDF-274"
"DICHLOROTRIFLUOROETHANE","34077-87-7"
"DICHLOROTRIFLUOROPROPANE","EDF-278"
"DICHLORPENTAFLUORO-PROPANE","127564-92-5"
"FREON 113","76-13-1"
"HCFC-122 (3 ISOMERS)","EDF-262"
"HCFC-151A","1615-75-4"
"HCFC-233 (3 ISOMERS)","1330-45-6"
"HEPTACHLOROFLUOROPROPANE","422-78-6"
"HEXABROMOFLUOROPROPANE (5 ISOMERS)","EDF-260"
"HEXACHLORODIFLUOROPROPANE","3182-26-1"
"HEXACHLOROFLUOROPROPANE","EDF-266"
"METHYL BROMIDE","74-83-9"
"MONOCHLOROPENTAFLUOROETHANE","76-15-3"
"PENTABROMODIFLUOROPROPANE (9 ISOMERS)","EDF-235"
"PENTABROMOFLUOROPROPANE (9 ISOMERS)","EDF-254"
"PENTACHLORODIFLUOROPROPANE","EDF-267"
"PENTACHLOROFLUOROETHANE","354-56-3"
"PENTACHLOROFLUOROPROPANE","EDF-271"
"PENTACHLOROTRIFLUOROPROPANE","2354-06-5"
"TETRABROMODIFLUOROPROPANE (16 ISOMERS)","EDF-257"
"TETRABROMOFLUOROETHANE (2 ISOMERS)","EDF-256"
"TETRABROMOFLUOROPROPANE (12 ISOMERS)","EDF-242"
"TETRABROMOTRIFLUOROPROPANE (12 ISOMERS)","EDF-234"
"1,1,2,2-TETRACHLORO-1,2-DIFUOROETHANE (FC 112)","76-12-0"
"1,1,2,2-TETRACHLORO-1-FLUOROETHANE","354-14-3"
"1,1,1,2-TETRACHLORO-2-FLUOROETHANE (HCFC-121A)","354-11-0"
"TETRACHLORODIFLUOROPROPANE","EDF-272"
"TETRACHLOROFLUOROETHANE","EDF-097"
"TETRACHLOROFLUOROPROPANE","EDF-276"
"TETRACHLOROTETRAFLUOROPROPANE","29255-31-0"
"TETRACHLOROTRIFLUOROPROPANE","EDF-268"
"1,1,1,2-TETRAFLUORO-2,2-DICHLOROETHANE","374-07-2"
"TRIBROMODIFLUOROETHANE (3 ISOMERS)","EDF-253"
"TRIBROMODIFLUOROPROPANE (18 ISOMERS)","EDF-252"
"TRIBROMOFLUOROETHANE (3 ISOMERS)","EDF-249"
"TRIBROMOFLUOROPROPANE (12 ISOMERS)","EDF-239"
"TRIBROMOTETRAFLUOROPROPANE (12 ISOMERS)","EDF-233"
"TRIBROMOTRIFLUOROPROPANE (18 ISOMERS)","EDF-258"
"1,1,3-TRICHLORO-1-FLUOROPROPANE","818-99-5"
"1,1,1-TRICHLORO-3,3,3-TRIFLUOROPROPANE","7125-83-9"
"1,1,2-TRICHLORODIFLUOROETHANE","354-21-2"
"TRICHLORODIFLUOROPROPANE","EDF-277"
"1,1,1-TRICHLOROETHANE","71-55-6"
"1,1,2-TRICHLOROFLUOROETHANE","EDF-090"
"TRICHLOROFLUOROETHANE","27154-33-2"
"TRICHLOROFLUOROMETHANE","75-69-4"
"TRICHLOROFLUOROPROPANE","EDF-280"
"TRICHLOROPENTAFLUOROPROPANE","1599-41-3"
"TRICHLOROTETRAFLUOROPROPANE","EDF-269"
"TRICHLOROTRIFLUOROPROPANE","EDF-273"
"1,1,1-TRIFLUORO-2,2-DICHLOROETHANE","306-83-2"
