"Chemical Name","CAS Registry Number (or EDF Substance ID)","References"
"AC-225","14265-85-1","P65-MC"
"AC-227","14952-40-0","P65-MC"
"AC-227+D","14952-40-0(+D)","P65-MC"
"AC-228","14331-83-0","P65-MC"
"ACETALDEHYDE","75-07-0","P65"
"ACETAMIDE","60-35-5","P65"
"ACETOCHLOR","34256-82-1","P65"
"2-ACETYLAMINOFLUORENE","53-96-3","P65"
"ACIFLUORFEN, SODIUM SALT","62476-59-9","P65"
"ACRYLAMIDE","79-06-1","P65"
"ACRYLONITRILE","107-13-1","P65"
"ACTINOMYCIN D","50-76-0","P65"
"ADRIAMYCIN","23214-92-8","P65"
"AF-2; [2-(2-FURYL)-3-(5-NITRO-2-FURYL)]ACRYLAMIDE","3688-53-7","P65"
"AFLATOXINS","1402-68-2","P65"
"AG-105","14928-14-4","P65-MC"
"AG-108","14391-65-2","P65-MC"
"AG-108M","14391-65-2(m)","P65-MC"
"AG-108M+D","14391-65-2(m)(+D)","P65-MC"
"AG-109M","14378-38-2(m)","P65-MC"
"AG-110","14391-76-5","P65-MC"
"AG-110M","14391-76-5(m)","P65-MC"
"AG-111","15760-04-0","P65-MC"
"AIREDALE BLUE D","2429-74-5","P65"
"ALACHLOR","15972-60-8","P65"
"ALCOHOLIC BEVERAGES, WHEN ASSOCIATED WITH ALCOHOL  ABUSE","EDF-008","P65"
"ALDRIN","309-00-2","P65"
"ALKYL LEAD COMPOUNDS","EDF-171","P65-MC"
"1-ALLYL-4-METHOXYBENZENE","140-67-0","P65"
"ALPHA-LINDANE","319-84-6","P65-MC"
"ALPHA-NAPHTHYLAMINE","134-32-7","P65"
"AM-241","14596-10-2","P65-MC"
"AM-242","13981-54-9","P65-MC"
"AM-242M","13981-54-9(m)","P65-MC"
"AM-243","14993-75-0","P65-MC"
"AM-243(+D)","14993-75-0(+D)","P65-MC"
"1-AMINO-2,4-DIBROMOANTHRAQUINONE","81-49-2","P65"
"1-AMINO-2-METHYLANTHRAQUINONE","82-28-0","P65"
"2-AMINO-3-METHYL-9H-PYRIDO(2,3-B)INDOLE","68006-83-7","P65"
"2-AMINO-5-(5-NITRO-2-FURYL)-1,3,4-THIADIAZOLE","712-68-5","P65"
"2-AMINO-6-METHYLDIPYRIDO(1,2-A:3',2'-D)IMIDAZOLE","67730-11-4","P65"
"3-AMINO-9-ETHYLCARBAZOLE HYDROCHLORIDE","6109-97-3","P65"
"2-AMINO-9H-PYRIDO (2,3-B) INDOLE (A-ALPHA-C)","26148-68-5","P65"
"2-AMINO-DIPYRIDO(1,2-A:3',2'-D)-IMIDAZOLE","67730-10-3","P65"
"2-AMINOANTHRAQUINONE","117-79-3","P65"
"4-AMINOAZOBENZENE","60-09-3","P65"
"4-AMINOBIPHENYL","92-67-1","P65"
"2-AMINONAPHTHALENE","91-59-8","P65"
"AMITROLE","61-82-5","P65"
"AMMONIUM BICHROMATE","7789-09-5","P65-MC"
"AMMONIUM CHROMATE","7788-98-9","P65-MC"
"AMMONIUM COPPER ARSENATE","16102-92-4","P65-MC"
"ANALGESIC MIXTURES CONTAINING PHENACETIN","EDF-011","P65"
"ANILINE","62-53-3","P65"
"ANILINE HYDROCHLORIDE","142-04-1","P65"
"ANTIMONY TRIOXIDE","1309-64-4","P65"
"AR-41","14163-25-8","P65-MC"
"ARAMITE","140-57-8","P65"
"ARISTOLOCHIC ACID","313-67-7","P65"
"AROCLOR 1016","12674-11-2","P65-MC"
"AROCLOR 1221","11104-28-2","P65-MC"
"AROCLOR 1232","11141-16-5","P65-MC"
"AROCLOR 1240","71328-89-7","P65-MC"
"AROCLOR 1242","53469-21-9","P65-MC"
"AROCLOR 1248","12672-29-6","P65-MC"
"AROCLOR 1254","11097-69-1","P65-MC"
"AROCLOR 1260","11096-82-5","P65-MC"
"AROCLOR 1262","37324-23-5","P65-MC"
"AROCLOR 1268","11100-14-4","P65-MC"
"ARSENIC","7440-38-2","P65-MC"
"ARSENIC (TRIVALENT)","22569-72-8","P65-MC"
"ARSENIC ACID","7778-39-4","P65-MC"
"ARSENIC DISULFIDE","1303-32-8","P65-MC"
"ARSENIC OXIDE (3)","1327-53-3","P65-MC"
"ARSENIC PENTOXIDE","1303-28-2","P65-MC"
"ARSENIC TRISULFIDE","1303-33-9","P65-MC"
"ARSENIC V","17428-41-0","P65-MC"
"ARSENOUS TRICHLORIDE","7784-34-1","P65-MC"
"ARSINE","7784-42-1","P65-MC"
"ASBESTOS (FRIABLE)","1332-21-4","P65"
"ASPHALT (PETROLEUM) FUMES","8052-42-4","P65"
"AT-217","17239-90-6","P65-MC"
"ATTAPULGITE","12174-11-7","P65"
"AU-196","14914-16-0","P65-MC"
"AU-198","10043-49-9","P65-MC"
"AURAMINE","492-80-8","P65"
"5-AZACYTIDINE","320-67-2","P65"
"AZASERINE","115-02-6","P65"
"AZATHIOPRINE","446-86-6","P65"
"AZOBENZENE","103-33-3","P65"
"4-Amino-2-nitrophenol","119-34-6","P65"
"2-Aminofluorene","153-78-6","P65"
"Aroclor (unspecified)","12767-79-2","P65-MC"
"Aroclor 1210","147601-87-4","P65-MC"
"Aroclor 1216","151820-27-8","P65-MC"
"Aroclor 1231","37234-40-5","P65-MC"
"Aroclor 1250","165245-51-2","P65-MC"
"Aroclor 1252","89577-78-6","P65-MC"
"BA-131","14914-75-1","P65-MC"
"BA-133","13981-41-4","P65-MC"
"BA-133M","13981-41-4(m)","P65-MC"
"BA-137M","13981-97-0(m)","P65-MC"
"BA-139","14378-25-7","P65-MC"
"BA-140","14798-08-4","P65-MC"
"BARIUM CHROMATE","10294-40-3","P65-MC"
"BENZ(A)ANTHRACENE","56-55-3","P65"
"BENZENE","71-43-2","P65"
"(1,2-BENZENEDICARBOXYLATO(2-))DIOXOTRILEAD","69011-06-9","P65-MC"
"BENZIDINE","92-87-5","P65"
"BENZO(A)PYRENE","50-32-8","P65"
"BENZO(B)FLUORANTHENE","205-99-2","P65"
"BENZO(K)FLUORANTHENE","207-08-9","P65"
"BENZOFURAN","271-89-6","P65"
"BENZOIC TRICHLORIDE","98-07-7","P65"
"BENZO[J]FLUORANTHENE","205-82-3","P65"
"BENZYL CHLORIDE","100-44-7","P65"
"BENZYL VIOLET 4B","1694-09-3","P65"
"BERYLLIUM","7440-41-7","P65"
"BERYLLIUM ALUMINUM ALLOY","12770-50-2","P65-MC"
"BERYLLIUM CHLORIDE","7787-47-5","P65-MC"
"BERYLLIUM COMPOUNDS","BFQ500","P65"
"BERYLLIUM COPPER ALLOY","11133-98-5","P65-MC"
"BERYLLIUM FLUORIDE","7787-49-7","P65-MC"
"BERYLLIUM HYDROXIDE","13327-32-7","P65-MC"
"BERYLLIUM NITRATE","13597-99-4","P65-MC"
"BERYLLIUM OXIDE","1304-56-9","P65-MC"
"BERYLLIUM PHOSPHATE","13598-15-7","P65-MC"
"BERYLLIUM SULFATE","13510-49-1","P65-MC"
"BERYLLIUM SULFATE TETRAHYDRATE","7787-56-6","P65-MC"
"BERYLLIUM ZINC SILICATE","39413-47-3","P65-MC"
"BERYLLIUM-7","13966-02-4","P65-MC"
"BETA-BUTYROLACTONE","3068-88-0","P65"
"BETA-LINDANE","319-85-7","P65-MC"
"BETA-PROPIOLACTONE","57-57-8","P65"
"BETEL QUID WITH TOBACCO","EDF-013","P65"
"1,1'-BI(ETHYLENE OXIDE)","1464-53-5","P65"
"BI-206","15776-19-9","P65-MC"
"BI-207","13982-38-2","P65-MC"
"BI-211","15229-37-5","P65-MC"
"BI-212","14913-49-6","P65-MC"
"BI-213","15776-20-2","P65-MC"
"4',4'''-BIACETANILIDE","613-35-4","P65"
"(1,1'-BIPHENYL)-4,4'-DIAMINE, 3,3'-DIMETHYL-","119-93-7","P65"
"(1,1'-BIPHENYL)-4,4'-DIAMINE, 3,3'-DIMETHYL-, DIHYDROCHLORIDE (9CI)","612-82-8","P65"
"BIPHENYL, HEXABROMO-","36355-01-8","P65-MC"
"BIS(2-CHLORO-1-METHYLETHYL) ETHER","108-60-1","P65"
"BIS(2-CHLOROETHYL) ETHER","111-44-4","P65"
"BIS(2-ETHYLHEXYL)PHTHALATE","117-81-7","P65"
"BIS(ADIPONITRILE)BIS(CYANOTRIPHENYLBORATO)NICKEL","83864-02-2","P65-MC"
"BIS(CHLOROMETHYL) ETHER","542-88-1","P65"
"BISCHLOROETHYL NITROSOUREA (BCNU)","154-93-8","P65"
"BISMUTH-210","14331-79-4","P65-MC"
"BISMUTH-214","14733-03-0","P65-MC"
"BR-82","14686-69-2","P65-MC"
"BRACKEN FERN","BML000","P65"
"BROMATE","15541-45-4","P65"
"1,3-BUTADIENE","106-99-0","P65"
"1,4-BUTANEDIOL DIMETHANESULFONATE (MYLERAN)","55-98-1","P65"
"BUTYLATED HYDROXYANISOLE (BHA)","25013-16-5","P65"
"C-11","14333-33-6","P65-MC"
"C-15","15929-23-4","P65-MC"
"C.I. ACID RED 114","6459-94-5","P65"
"C.I. BASIC RED 9 MONOHYDROCHLORIDE","569-61-9","P65"
"C.I. DIRECT BLUE 218","28407-37-6","P65"
"C.I. DIRECT BROWN 95","16071-86-6","P65"
"C.I. FOOD RED 15","81-88-9","P65"
"C.I. FOOD RED 5","3761-53-3","P65"
"C.I. SOLVENT YELLOW 14","842-07-9","P65"
"C.I. SOLVENT YELLOW 3","97-56-3","P65"
"CA-45","13966-05-7","P65-MC"
"CA-47","1439-99-2","P65-MC"
"CACODYLIc ACID","75-60-5","P65"
"CADMIUM","7440-43-9","P65"
"CADMIUM 2-ETHYLHEXANOATE","2420-98-6","P65-MC"
"CADMIUM ACETATE","543-90-8","P65-MC"
"CADMIUM BROMIDE","7789-42-6","P65-MC"
"CADMIUM CARBONATE","513-78-0","P65-MC"
"CADMIUM CHLORIDE","10108-64-2","P65-MC"
"CADMIUM COMPOUNDS","CAE750","P65"
"CADMIUM FLUOBORATE","14486-19-2","P65-MC"
"CADMIUM FLUORIDE","7790-79-6","P65-MC"
"CADMIUM HEXAFLUOROSILICATE","17010-21-8","P65-MC"
"CADMIUM NITRATE","10325-94-7","P65-MC"
"CADMIUM OXIDE","1306-19-0","P65-MC"
"CADMIUM STEARATE","2223-93-0","P65-MC"
"CADMIUM SULFATE","10124-36-4","P65-MC"
"CADMIUM SULFIDE","1306-23-6","P65-MC"
"CAESIUM-137","10045-97-3","P65-MC"
"CAFFEIC ACID","331-39-5","P65"
"CALCIUM ARSENATE [2ASH3O4.2CA]","7778-44-1","P65-MC"
"CALCIUM ARSENITE","52740-16-6","P65-MC"
"CALCIUM CHROMATE","13765-19-0","P65-MC"
"CAMPHECHLOR","8001-35-2","P65"
"CAPTAFOL","2425-06-1","P65"
"CAPTAN","133-06-2","P65"
"CARBAZOLE","86-74-8","P65"
"CARBON BLACK","1333-86-4","P65"
"CARBON TETRACHLORIDE","56-23-5","P65"
"CARBON-14","14762-75-5","P65-MC"
"CATECHOL","120-80-9","P65"
"CD-109","14109-32-1","P65-MC"
"CD-115","14336-68-6","P65-MC"
"CD-115M","14336-68-6(m)","P65-MC"
"CE-141","13967-74-3","P65-MC"
"CE-143","14119-19-8","P65-MC"
"CE-144","14762-78-8","P65-MC"
"CE-144+D","14762-78-8(+D)","P65-MC"
"CERAMIC FIBERS  ( AIRBORNE PARTICLES OF RESPIRABLE SIZE)","1056","P65"
"CERTAIN COMBINED CHEMOTHERAPY FOR LYMPHOMAS","EDF-016","P65"
"CHINOMETHIONAT (6-METHYL-1,3-DITHIOLO[4,5-B]QUINOX","2439-01-2","P65"
"2-CHLOR-1,3-BUTADIENE","126-99-8","P65"
"CHLORAMBUCIL","305-03-3","P65"
"CHLORAMPHENICOL","56-75-7","P65"
"CHLORDANE","57-74-9","P65"
"CHLORDECONE (KEPONE)","143-50-0","P65"
"CHLORDIMEFORM","6164-98-3","P65"
"CHLORENDIC ACID","115-28-6","P65"
"CHLORINATED PARAFINS (AVERAGE CHAIN LENGTH, C12;   APPROXIMATELY 60 PERCENT CHLORINE BY WEIGHT)","108171-26-2","P65"
"3-CHLORO-2-METHYL-1-PROPENE","563-47-3","P65"
"5-CHLORO-O-TOLUIDINE AND ITS STRONG ACID SALTS","EDF-216","P65"
"4-CHLORO-ORTHO-PHENYLENEDIAMINE","95-83-0","P65"
"CHLOROBENZILATE","510-15-6","P65"
"2-CHLOROBIPHENYL (PCB-1)","2051-60-7","P65-MC"
"3-CHLOROBIPHENYL (PCB-2)","2051-61-8","P65-MC"
"4-CHLOROBIPHENYL (PCB-3)","2051-62-9","P65-MC"
"CHLOROETHANE","75-00-3","P65"
"1-(2-CHLOROETHYL)-3-(4-METHYLCYCLOHEXYL)-1-NITROSOUREA (METHYL CCNU)","13909-09-6","P65"
"1-(2-CHLOROETHYL)-3-CYCLOHEXYL-1-NITROSOUREA","13010-47-4","P65"
"CHLOROFORM","67-66-3","P65"
"CHLOROMETHYL METHYL ETHER","107-30-2","P65"
"CHLOROTHALONIL","1897-45-6","P65"
"CHLOROTRIANISENE","569-57-3","P65"
"CHLOROZOTOCIN","54749-90-5","P65"
"CHROMATE(3-), BIS(3-HYDROXY-4-((2-HYDROXY-1-NAPHTHALENEYL)AZO)-7-NITRO-1-NAPHTH- ALENESULFONATO(3-))-, TRISODIUM","57693-14-8","P65-MC"
"CHROMATES","EDF-224","P65-MC"
"CHROMIC ACID","7738-94-5","P65-MC"
"CHROMIC SULFATE","10101-53-8","P65-MC"
"CHROMIUM (CR6+)","7440-47-3(Cr6+)","P65-MC"
"CHROMIUM (III) CHROMATE","24613-89-6","P65-MC"
"CHROMIUM (VI) COMPOUNDS","18540-29-9","P65"
"CHROMIUM LEAD SILICATE","11113-70-5","P65-MC"
"CHROMIUM TRIOXIDE","1333-82-0","P65-MC"
"CHROMYL CHLORIDE","14977-61-8","P65-MC"
"CHRYSENE","218-01-9","P65"
"CIANURO DE NIQUEL","557-19-7","P65-MC"
"CICLOSPORIN (CYCLOSPORIN A; CYCLOSPORINE)","79217-60-0","P65"
"CINNAMYL ANTHRANILATE","87-29-6","P65"
"CIS-1,3-DICHLOROPROPENE","10061-01-5","P65-MC"
"CISPLATIN","15663-27-1","P65"
"CITRUS RED NO.2","6358-53-8","P65"
"CL-36","13981-43-6","P65-MC"
"CL-38","14158-34-0","P65-MC"
"CLOFIBRATE","637-07-0","P65"
"CM-242","15510-73-3","P65-MC"
"CM-243","15757-87-6","P65-MC"
"CM-243+D","15757-87-6(+D)","P65-MC"
"CM-244","13981-15-2","P65-MC"
"CM-245","15621-76-8","P65-MC"
"CM-246","15757-90-1","P65-MC"
"CM-247","15758-32-4","P65-MC"
"CM-248","15758-33-5","P65-MC"
"CO-57","13981-50-5","P65-MC"
"CO-58","13981-38-9","P65-MC"
"CO-58M","13981-38-9(m)","P65-MC"
"COAL TARS","8007-45-2","P65-MC"
"COBALT","7440-48-4","P65"
"COBALT [II] OXIDE","1307-96-6","P65"
"COBALT-60","10198-40-0","P65-MC"
"COKE OVEN EMISSIONS","1066","P65"
"COMBINED RADIUM 226 & 228","EDF-206","P65-MC"
"CONJUGATED ESTROGENS","EDF-023","P65"
"COPPER ARSENATE","10103-61-4","P65-MC"
"COTININE","486-56-6","P65-MC"
"CR-51","14392-02-0","P65-MC"
"CREOSOTE OIL (DERIVED FROM ANY SOURCE)","70321-79-8","P65-MC"
"CREOSOTE OIL, LOW-BOILING DISTILLATE","70321-80-1","P65-MC"
"CREOSOTES","8001-58-9","P65"
"CS-131","14914-76-2","P65-MC"
"CS-134","13967-70-9","P65-MC"
"CS-134M","13967-70-9(m)","P65-MC"
"CS-135","15726-30-4","P65-MC"
"CS-136","14234-29-8","P65-MC"
"CS-137+D","10045-97-3(+D)","P65-MC"
"CS-138","15758-29-9","P65-MC"
"CU-64","13981-25-4","P65-MC"
"CUPFERRON","135-20-6","P65"
"CYCASIN","14901-08-7","P65"
"CYCLO-DI-:-OXO(:-PHTHALATO)TRILEAD","17976-43-1","P65-MC"
"CYCLOPHOSPHAMIDE","50-18-0","P65"
"CYCLOPHOSPHAMIDE (HYDRATED)","6055-19-2","P65"
"CYTEMBENA","21739-91-3","P65"
"Cidofovir","113852-37-2","P65"
"Cobalt sulfate heptahydrate","10026-24-1","P65"
"Coplanar Polychlorinated Biphenyls","EDF-511","P65-MC"
"D & C ORANGE NO. 17","3468-63-1","P65"
"D & C RED NO. 8","2092-56-0","P65"
"D & C RED NO. 9","5160-02-1","P65"
"DACARBAZINE","4342-03-4","P65"
"DAMINOZIDE","1596-84-5","P65"
"DANTRON (CHRYSAZIN; 1,8-DIHYDROXYANTHRAQUINONE)","117-10-2","P65"
"DAUNOMYCIN","20830-81-3","P65"
"DDD","72-54-8","P65"
"DDE","72-55-9","P65"
"DDE, O,P'","3424-82-6","P65-MC"
"DDT","50-29-3","P65"
"DDT (TOTAL)","EDF-229","P65-MC"
"DECABROMOBIPHENYL","13654-09-6","P65-MC"
"2,2',3,3',4,4',5,5',6,6'-DECACHLOROBIPHENYL (PCB-209)","2051-24-3","P65-MC"
"DELTA-LINDANE","319-86-8","P65-MC"
"DI-N-PROPYLNITROSAMINE","621-64-7","P65"
"DI-PCB","25512-42-9","P65-MC"
"2,4-DIAMINOANISOLE","615-05-4","P65"
"2,4-DIAMINOANISOLE SULFATE","39156-41-7","P65"
"4,4'-DIAMINODIPHENYL ETHER","101-80-4","P65"
"4,4'-DIAMINODIPHENYL SULFIDE","139-65-1","P65"
"2,3-DIAMINOTOLUENE","2687-25-4","P65-MC"
"3,4-DIAMINOTOLUENE","496-72-0","P65-MC"
"2,6-DIAMINOTOLUENE","823-40-5","P65-MC"
"2,5-DIAMINOTOLUENE","95-70-5","P65-MC"
"2,4-DIAMINOTOLUENE","95-80-7","P65"
"DIAMINOTOLUENE (MIXED ISOMERS)","25376-45-8","P65"
"2,4-DIAMINOTOLUENE.2HCL","636-23-7","P65-MC"
"DIBENZ(A,H)ANTHRACENE","53-70-3","P65"
"DIBENZOFURANS (CHLORINATED)","1080","P65"
"DIBENZO[A,E]PYRENE","192-65-4","P65"
"DIBENZO[A,H]PYRENE","189-64-0","P65"
"DIBENZO[A,I]PYRENE","189-55-9","P65"
"DIBENZO[A,L]PYRENE","191-30-0","P65"
"DIBENZ[A,H]ACRIDINE","226-36-8","P65"
"DIBENZ[A,J]ACRIDINE","224-42-0","P65"
"2,3-DIBROMO-1-PROPANOL","96-13-9","P65"
"1,3-DIBROMO-2,2-DIMETHYLOLPROPANE","3296-90-0","P65"
"1,2-DIBROMO-3-CHLOROPROPANE (DBCP)","96-12-8","P65"
"1,2-DIBROMOETHANE","106-93-4","P65"
"(DIBUTYLDITHIOCARBAMATO)NICKEL(II)","13927-77-0","P65-MC"
"3,3'-DICHLOR-4,4'-DIAMINO-DIPHENYLAETHER","28434-86-8","P65"
"1,4-DICHLORO-2-BUTENE","764-41-0","P65"
"2,2-DICHLOROACETIC ACID","79-43-6","P65"
"1,4-DICHLOROBENZENE","106-46-7","P65"
"3,3'-DICHLOROBENZIDINE","91-94-1","P65"
"3,3'-DICHLOROBENZIDINE DIHYDROCHLORIDE","612-83-9","P65"
"2,6-DICHLOROBIPHENYL (PCB-10)","33146-45-1","P65-MC"
"3,3'-DICHLOROBIPHENYL (PCB-11)","2050-67-1","P65-MC"
"3,4-DICHLOROBIPHENYL (PCB-12)","2974-92-7","P65-MC"
"3,5-DICHLOROBIPHENYL (PCB-14)","34883-41-5","P65-MC"
"4,4'-DICHLOROBIPHENYL (PCB-15)","2050-68-2","P65-MC"
"2,2'-DICHLOROBIPHENYL (PCB-4)","13029-08-8","P65-MC"
"2,3-DICHLOROBIPHENYL (PCB-5)","16605-91-7","P65-MC"
"2,4-DICHLOROBIPHENYL (PCB-7)","33284-50-3","P65-MC"
"2,4'-DICHLOROBIPHENYL (PCB-8)","34883-43-7","P65-MC"
"2,5-DICHLOROBIPHENYL (PCB-9)","34883-39-1","P65-MC"
"DICHLOROBROMOMETHANE","75-27-4","P65"
"DICHLORODIBENZO-P-DIOXINS, TOTAL","EDF-350","P65-MC"
"2,8-DICHLORODIBENZOFURAN","5409-83-6","P65-MC"
"DICHLORODIBENZOFURANS, TOTAL","EDF-353","P65-MC"
"1,2-DICHLOROETHANE","107-06-2","P65"
"1,1-DICHLOROETHANE","75-34-3","P65"
"DICHLOROETHANE","1300-21-6","P65-MC"
"DICHLOROMETHANE","75-09-2","P65"
"1,2-DICHLOROPROPANE","78-87-5","P65"
"1,3-DICHLOROPROPENE (MIXED ISOMERS)","542-75-6","P65"
"1,3-DICHLOROPROPENE AND 1,2-DICHLOROPROPANE MIXTURE","8003-19-8","P65-MC"
"DICHLORVOS","62-73-7","P65"
"DIELDRIN","60-57-1","P65"
"DIENESTROL","84-17-3","P65"
"DIESEL EMISSIONS","9902","P65"
"DIETHYL SULFATE","64-67-5","P65"
"1,2-DIETHYLHYDRAZINE","1615-80-1","P65"
"DIETHYLSTILBESTROL","56-53-1","P65"
"DIGLYCIDYL RESORCINOL ETHER (DGRE)","101-90-6","P65"
"DIHYDROSAFROLE","94-58-6","P65"
"DIISOPROPYL SULFATE","2973-10-6","P65"
"3,3'-DIMETHOXYBENZIDINE","119-90-4","P65"
"3,3'-DIMETHOXYBENZIDINE DIHYDROCHLORIDE","20325-40-0","P65"
"1,1-DIMETHYL HYDRAZINE","57-14-7","P65"
"DIMETHYL MERCURY","593-74-8","P65-MC"
"DIMETHYL SULFATE","77-78-1","P65"
"2,2-DIMETHYL-4,4-METHYLENEDIANILINE","838-88-0","P65"
"4-DIMETHYLAMINOAZOBENZENE","60-11-7","P65"
"7,12-DIMETHYLBENZ(A)ANTHRACENE","57-97-6","P65"
"DIMETHYLCARBAMOYL CHLORIDE","79-44-7","P65"
"1,2-DIMETHYLHYDRAZINE","540-73-8","P65"
"DIMETHYLVINYLCHLORIDE","513-37-1","P65"
"3,7-DINITROFLUORANTHENE","105735-71-5","P65"
"3,9-DINITROFLUORANTHENE","22506-53-2","P65"
"1,6-DINITROPYRENE","42397-64-8","P65"
"1,8-DINITROPYRENE","42397-65-9","P65"
"2,6-DINITROTOLUENE","606-20-2","P65"
"2,4-DINITROTOLUENE","121-14-2","P65"
"1,4-DIOXANE","123-91-1","P65"
"DIOXIN AND DIOXIN-LIKE COMPOUNDS","EDF-018","P65-MC"
"DIPHENYLHYDANTOIN (PHENYTOIN), SODIUM SALT","630-93-3","P65"
"1,2-DIPHENYLHYDRAZINE","122-66-7","P65"
"DIPROPYL ISOCINCHOMERONATE","136-45-8","P65"
"DIRECT BLACK 38","1937-37-7","P65"
"DIRECT BLUE 6","2602-46-2","P65"
"DISPERSE BLUE 1","2475-45-8","P65"
"DIURON","330-54-1","P65"
"DY-165","13967-64-1","P65-MC"
"DY-166","15840-01-4","P65-MC"
"3,4'-Dichlorobiphenyl","2974-90-5","P65-MC"
"2,3'-Dichlorobiphenyl","25569-80-6","P65-MC"
"ENVIRONMENTAL TOBACCO SMOKE","1090","P65"
"EPICHLOROHYDRIN","106-89-8","P65"
"2,3-EPOXY 1-PROPANOL","556-52-5","P65"
"1-EPOXYETHYL-3,4-EPIXYCYCLOHEXANE","106-87-6","P65"
"EPSILON-LINDANE","6108-10-7","P65-MC"
"ER-169","15840-13-8","P65-MC"
"ER-171","14391-45-8","P65-MC"
"ESTRADIOL-17B","50-28-2","P65"
"ESTRONE","53-16-7","P65"
"ESTROPIPATE","7280-37-7","P65"
"ETHENE, FLUORO-","75-02-5","P65"
"ETHINYLESTRADIOL","57-63-6","P65"
"ETHOPROP","13194-48-4","P65"
"ETHYL ACRYLATE","140-88-5","P65"
"ETHYL BROMIDE","74-96-4","P65"
"ETHYL METHANESULFONATE","62-50-0","P65"
"ETHYLBENZENE","100-41-4","P65"
"ETHYLENE OXIDE","75-21-8","P65"
"ETHYLENE THIOUREA","96-45-7","P65"
"ETHYLENEIMINE","151-56-4","P65"
"EU-152","14683-23-9","P65-MC"
"EU-154","15585-10-1","P65-MC"
"EU-155","14391-16-3","P65-MC"
"EU-156","14280-35-4","P65-MC"
"F-18","13981-56-1","P65-MC"
"FE-55","14681-59-5","P65-MC"
"FE-59","14596-12-4","P65-MC"
"FENOXYCARB","72490-01-8","P65"
"FIREMASTER BP-6","59536-65-1","P65-MC"
"FIREMASTER FF-1","67774-32-7","P65-MC"
"FOLPET","133-07-3","P65"
"FORMALDEHYDE","50-00-0","P65"
"FORMYLHYDRAZINO-4-(5-NITRO-2-FURYL)THIAZOLE","3570-75-0","P65"
"FR-221","15756-41-9","P65-MC"
"FR-223","15756-98-6","P65-MC"
"FURAN","110-00-9","P65"
"FURAZOLIDONE","67-45-8","P65"
"FURMECYCLOX","60568-05-0","P65"
"FUSARIN C","79748-81-5","P65"
"Fumonisin B1","116355-83-0","P65"
"GA-67","14119-09-6","P65-MC"
"GA-72","13982-22-4","P65-MC"
"GALLIUM ARSENIDE","1303-00-0","P65-MC"
"GAMMA-LINDANE","58-89-9","P65"
"GANCICLOVIR SODIUM","82410-32-0","P65"
"GASOLINE ENGINE EXHAUST","9911","P65"
"GD-153","14276-65-4","P65-MC"
"GD-159","14041-42-0","P65-MC"
"GE-71","14374-81-3","P65-MC"
"GLASSWOOL FIBERS (AIRBORNE PARTICLES OF RESPIRABLE SIZE)","EDF-029","P65"
"GLYCIDALDEHYDE","765-34-4","P65"
"GRISEOFULVIN","126-07-8","P65"
"GYROMITRIN (ACETALDEHYDE METHYLFORMYLHYDRAZONE)","16568-02-8","P65"
"7H-DIBENZO[C,G]CARBAZOLE","194-59-2","P65"
"HC BLUE 1","2784-94-3","P65"
"HEPTA-PCB","28655-71-2","P65-MC"
"HEPTACHLOR","76-44-8","P65"
"HEPTACHLOR EPOXIDE","1024-57-3","P65"
"2,2',3,3',4,4',5-HEPTACHLOROBIPHENYL","35065-30-6","P65-MC"
"2,2',3,3',4,4',6-HEPTACHLOROBIPHENYL (PCB-171)","52663-71-5","P65-MC"
"2,2',3,4,4',5,5'-HEPTACHLOROBIPHENYL (PCB-180)","35065-29-3","P65-MC"
"2,2',3,4,5,5',6-HEPTACHLOROBIPHENYL (PCB-185)","52712-05-7","P65-MC"
"2,2',3,4',5,5',6-HEPTACHLOROBIPHENYL (PCB-187)","52663-68-0","P65-MC"
"1,2,3,4,6,7,8-HEPTACHLORODIBENZO-P-DIOXIN","35822-46-9","P65-MC"
"HEPTACHLORODIBENZO-P-DIOXINS","EDF-354","P65-MC"
"1,2,3,4,7,8,9-HEPTACHLORODIBENZOFURAN","55673-89-7","P65-MC"
"1,2,3,4,6,7,8-HEPTACHLORODIBENZOFURAN","67562-39-4","P65-MC"
"HEPTACHLORODIBENZOFURAN","38998-75-3","P65-MC"
"HEXA-PCB","26601-64-9","P65-MC"
"HEXACHLORINATED DIBENZOFURAN, 1,2,3,4,7,8-","70648-26-9","P65-MC"
"HEXACHLORINATED DIBENZOFURAN, 1,2,3,7,8,9-","72918-21-9","P65-MC"
"HEXACHLORINATED DIBENZOFURAN, 2,3,4,6,7,8-","60851-34-5","P65-MC"
"HEXACHLOROBENZENE","118-74-1","P65"
"2,2',3,4,4',5'-HEXACHLOROBIPHENYL","35065-28-2","P65-MC"
"2,2',3,3',4,4'-HEXACHLOROBIPHENYL (PCB-128)","38380-07-3","P65-MC"
"2,2',3,3',4,5-HEXACHLOROBIPHENYL (PCB-129)","55215-18-4","P65-MC"
"2,2',3,3',5,6-HEXACHLOROBIPHENYL (PCB-134)","52704-70-8","P65-MC"
"2,2',3,3',6,6'-HEXACHLOROBIPHENYL (PCB-136)","38411-22-2","P65-MC"
"2,2',3,4',5',6-HEXACHLOROBIPHENYL (PCB-149)","38380-04-0","P65-MC"
"2,2',4,4',5,5'-HEXACHLOROBIPHENYL (PCB-153)","35065-27-1","P65-MC"
"2,2',4,4',6,6'-HEXACHLOROBIPHENYL (PCB-155)","33979-03-2","P65-MC"
"2,3,3',4,4',5-HEXACHLOROBIPHENYL (PCB-156)","38380-08-4","P65-MC"
"3,3'4,4',5,5'-HEXACHLOROBIPHENYL (PCB-169)","32774-16-6","P65-MC"
"1,2,3,4,5,6-HEXACHLOROCYCLOHEXANE (MIXTURE OF ISOMERS)","608-73-1","P65"
"1,2,3,6,7,8-HEXACHLORODIBENZO-P-DIOXIN","57653-85-7","P65-MC"
"1,2,3,4,7,8-HEXACHLORODIBENZO-P-DIOXIN","39227-28-6","P65-MC"
"1,2,3,7,8,9-HEXACHLORODIBENZO-P-DIOXIN","19408-74-3","P65-MC"
"HEXACHLORODIBENZODIOXIN","34465-46-8","P65"
"1,2,3,6,7,8-HEXACHLORODIBENZOFURAN","57117-44-9","P65-MC"
"HEXACHLORODIBENZOFURAN","55684-94-1","P65-MC"
"HEXACHLOROETHANE","67-72-1","P65"
"HEXAMETHYLPHOSPHORAMIDE","680-31-9","P65"
"HG-197","13981-51-6","P65-MC"
"HG-203","13982-78-0","P65-MC"
"HO-166","13967-65-2","P65-MC"
"HYDRAZINE","302-01-2","P65"
"HYDRAZINE SULFATE","10034-93-2","P65"
"HYDROXYMETHYL MERCURY","1184-57-2","P65-MC"
"2,2',3,3',4,5,6'-Heptachlorobiphenyl","38411-25-5","P65-MC"
"2,2',3,4',5,6,6'-Heptachlorobiphenyl","74487-85-7","P65-MC"
"2,2',3,4,4',5,6-Heptachlorobiphenyl","74472-47-2","P65-MC"
"2,2',3,4,4',6,6'-Heptachlorobiphenyl","74472-48-3","P65-MC"
"2,2',3,4,5,6,6'-Heptachlorobiphenyl","74472-49-4","P65-MC"
"2,3,3',4,4',5',6-Heptachlorobiphenyl","74472-50-7","P65-MC"
"2,3,3',4,5,5',6-Heptachlorobiphenyl","74472-51-8","P65-MC"
"2,3,3',4',5,5',6-Heptachlorobiphenyl","69782-91-8","P65-MC"
"2,2',3,3',4,5,6-Heptachlorobiphenyl","68194-16-1","P65-MC"
"2,2',3,4,4',5,6'-Heptachlorobiphenyl","60145-23-5","P65-MC"
"2,2',3,3',5,6,6'-Heptachlorobiphenyl","52663-64-6","P65-MC"
"2,2',3,3',4,6,6'-Heptachlorobiphenyl","52663-65-7","P65-MC"
"2,2',3,3',5,5',6-Heptachlorobiphenyl","52663-67-9","P65-MC"
"2,2',3,4,4',5',6-Heptachlorobiphenyl","52663-69-1","P65-MC"
"2,2',3,3',4,5',6'-Heptachlorobiphenyl","52663-70-4","P65-MC"
"2,2',3,3',4,5,5'-Heptachlorobiphenyl","52663-74-8","P65-MC"
"2,3,3',4,4',5,6-Heptachlorobiphenyl","41411-64-7","P65-MC"
"2,2',3,3',4,5',6-Heptachlorobiphenyl","40186-70-7","P65-MC"
"2,2',3,3',4,6'-Hexachlorobiphenyl","38380-05-1","P65-MC"
"2,3,3',4,5,5'-Hexachlorobiphenyl","39635-35-3","P65-MC"
"2,2',3,4,4',5-Hexachlorobiphenyl","35694-06-5","P65-MC"
"2,2',3,4,6,6'-Hexachlorobiphenyl","74472-40-5","P65-MC"
"2,2',3,4',5,6'-Hexachlorobiphenyl","74472-41-6","P65-MC"
"2,3,3',4,4',6-Hexachlorobiphenyl","74472-42-7","P65-MC"
"2,3,3',4,5',6-Hexachlorobiphenyl","74472-43-8","P65-MC"
"2,3,3',4',5,6-Hexachlorobiphenyl","74472-44-9","P65-MC"
"2,3,3',4',5',6-Hexachlorobiphenyl","74472-45-0","P65-MC"
"2,3,3',5,5',6-Hexachlorobiphenyl","74472-46-1","P65-MC"
"2,3,3',4,4',5'-Hexachlorobiphenyl","69782-90-7","P65-MC"
"2,2',3,4',6,6'-Hexachlorobiphenyl","68194-08-1","P65-MC"
"2,2',3,5,6,6'-Hexachlorobiphenyl","68194-09-2","P65-MC"
"2,2',3,4',5,6-Hexachlorobiphenyl","68194-13-8","P65-MC"
"2,2',3,4,5',6-Hexachlorobiphenyl","68194-14-9","P65-MC"
"2,2',3,4,5,6'-Hexachlorobiphenyl","68194-15-0","P65-MC"
"2,2',3,3',4,6-Hexachlorobiphenyl","61798-70-7","P65-MC"
"2,2',4,4',5,6'-Hexachlorobiphenyl","60145-22-4","P65-MC"
"2,2',3,4,4',6'-Hexachlorobiphenyl","59291-64-4","P65-MC"
"2,3',4,4',5',6-Hexachlorobiphenyl","59291-65-5","P65-MC"
"2,2',3,4,4',6-Hexachlorobiphenyl","56030-56-9","P65-MC"
"2,2',3,5,5',6-Hexachlorobiphenyl","52663-63-5","P65-MC"
"2,2',3,3',4,5'-Hexachlorobiphenyl","52663-66-8","P65-MC"
"2,3',4,4',5,5'-Hexachlorobiphenyl","52663-72-6","P65-MC"
"2,2',3,4,5,5'-Hexachlorobiphenyl","52712-04-6","P65-MC"
"2,2',3,3',5,6'-Hexachlorobiphenyl","52744-13-5","P65-MC"
"2,2',3,4',5,5'-Hexachlorobiphenyl","51908-16-8","P65-MC"
"2,2',3,4,5,6-Hexachlorobiphenyl","41411-61-4","P65-MC"
"2,3,3',4,5,6-Hexachlorobiphenyl","41411-62-5","P65-MC"
"2,3,4,4',5,6-Hexachlorobiphenyl","41411-63-6","P65-MC"
"2,2',3,3',5,5'-Hexachlorobiphenyl","35694-04-3","P65-MC"
"2,3,3',4',5,5'-Hexachlorobiphenyl","39635-34-2","P65-MC"
"2,3,3',4,4',5,5'-HpCB","39635-31-9","P65-MC"
"I-122","18287-75-7","P65-MC"
"I-123","15715-08-9","P65-MC"
"I-125","14158-31-7","P65-MC"
"I-126","14158-32-8","P65-MC"
"I-129","15046-84-1","P65-MC"
"I-130","14914-02-4","P65-MC"
"I-132","14683-16-0","P65-MC"
"I-133","14834-67-4","P65-MC"
"I-134","14914-27-3","P65-MC"
"I-135","14834-68-5","P65-MC"
"IN-113M","14885-78-0(m)","P65-MC"
"IN-114","13981-55-0","P65-MC"
"IN-114M","13981-55-0(m)","P65-MC"
"IN-115","14191-71-0","P65-MC"
"IN-115M","14191-71-0(m)","P65-MC"
"INDENO(1,2,3-CD)PYRENE","193-39-5","P65"
"INDIUM PHOSPHIDE","22398-80-7","P65"
"INORGANIC ARSENIC COMPOUNDS","EDF-222","P65"
"INORGANIC LEAD COMPOUNDS","1128","P65-MC"
"INSOLUBLE NICKEL COMPOUNDS","7440-02-0(Insol)","P65-MC"
"IODINE-131","10043-66-0","P65-MC"
"IPRODIONE","36734-19-7","P65"
"IQ(2-AMINO-3-METHYLIMIDAZO[4,5-F]QUINOLINE)","76180-96-6","P65"
"IR-190","14981-91-0","P65-MC"
"IR-192","14694-69-0","P65-MC"
"IR-194","14158-35-1","P65-MC"
"IRON DEXTRAN","9004-66-4","P65"
"ISOBUTYL NITRITE","542-56-3","P65"
"ISOSAFROLE","120-58-1","P65"
"ISOXAFLUTOLE","EDF-309","P65"
"K-42","14378-21-3","P65-MC"
"KR-83M","13965-98-5(m)","P65-MC"
"KR-85","13983-27-2","P65-MC"
"KR-85M","13983-27-2(m)","P65-MC"
"KR-87","14809-68-8","P65-MC"
"KR-88","14995-61-0","P65-MC"
"KR-89","16316-03-3","P65-MC"
"KR-90","15741-13-6","P65-MC"
"LA-140","13981-28-7","P65-MC"
"LACTOFEN","77501-63-4","P65"
"LASIOCARPINE","303-34-4","P65"
"LEAD","7439-92-1","P65"
"LEAD (ALKYL 4+) (SOLNR LEAD ALKYLS)","EDF-199","P65-MC"
"LEAD ACETATE","301-04-2","P65"
"LEAD ARSENATE","7784-40-9","P65-MC"
"LEAD ARSENITE","10031-13-7","P65-MC"
"LEAD CHLORIDE","7758-95-4","P65-MC"
"LEAD CHROMATE","7758-97-6","P65-MC"
"LEAD CHROMATE OXIDE","18454-12-1","P65-MC"
"LEAD COMPOUNDS","LCT000","P65"
"LEAD DIOXIDE","1309-60-0","P65-MC"
"LEAD FLUOBORATE","13814-96-5","P65-MC"
"LEAD FLUORIDE","7783-46-2","P65-MC"
"LEAD IODIDE","10101-63-0","P65-MC"
"LEAD NITRATE","10099-74-8","P65-MC"
"LEAD PHOSPHATE","7446-27-7","P65"
"LEAD SILICATE","11120-22-2","P65-MC"
"LEAD STEARATE","7428-48-0","P65-MC"
"LEAD SUBACETATE","1335-32-6","P65"
"LEAD SULFATE","7446-14-2","P65-MC"
"LEAD SULFIDE","1314-87-0","P65-MC"
"LEAD THIOCYANATE","592-87-0","P65-MC"
"LEAD(II) OXIDE","1317-36-8","P65-MC"
"LEAD, ISOTOPE OF MASS 214","15067-28-4","P65-MC"
"LEAD-210","14255-04-0","P65-MC"
"LEAD-MOLYBDENUM CHROMATE","12709-98-7","P65-MC"
"LITHIUM CHROMATE","14307-35-8","P65-MC"
"LU-177","14265-75-9","P65-MC"
"LYNESTRENOL","52-76-6","P65"
"MAGNESIUM ARSENATE","10103-50-1","P65-MC"
"MANCOZEB","8018-01-7","P65"
"MANEB","12427-38-2","P65"
"MECHLORETHAMINE","51-75-2","P65"
"MEDROXYPROGESTERONE ACETATE","71-58-9","P65"
"MEIQ (2-AMINO-3,4-DIMETHYLIMIDAZO[4,5-F]QUINOLINE)","77094-11-2","P65"
"MEIQX(2-AMINO-3,8-DIMETHYLIMIDAZO[4,5-F]QUINOXALI E)","77500-04-0","P65"
"MELPHALAN","148-82-3","P65"
"MERPHALAN","531-76-0","P65"
"MESTRANOL","72-33-3","P65"
"METHAM SODIUM","137-42-8","P65"
"METHANAMINE, N-METHYL-N-NITROSO","62-75-9","P65"
"5-METHOXYPSORALEN","484-20-8","P65"
"8-METHOXYPSORALEN WITH ULTRAVIOLET A THERAPY","298-81-7","P65"
"METHYL CARBAMATE","598-55-0","P65"
"METHYL HYDRAZINE","60-34-4","P65"
"METHYL IODIDE","74-88-4","P65"
"METHYL MERCURY","22967-92-6","P65-MC"
"METHYL MERCURY CHLORIDE","115-09-3","P65-MC"
"METHYL MERCURY COMPOUNDS","EDF-127","P65"
"METHYL METHANESULFONATE","66-27-3","P65"
"2-METHYL-1,3-BUTADIENE","78-79-5","P65"
"2-METHYL-1-NITROANTHRAQUINONE (OF UNCERTAIN       PURITY)","129-15-7","P65"
"1-METHYL-1-NITROSO-3-NITROGUANIDINE","70-25-7","P65"
"1-METHYL-2-NITROBENZENE","88-72-2","P65"
"METHYLAZOXYMETHANOL","590-96-5","P65"
"METHYLAZOXYMETHANOL ACETATE","592-62-1","P65"
"3-METHYLCHLORANTHRENE","56-49-5","P65"
"5-METHYLCHRYSENE","3697-24-3","P65"
"4,4'-METHYLENEBIS(2-CHLOROANILINE)","101-14-4","P65"
"4,4'-METHYLENEBIS(N,N-DIMETHYL)BENZENAMINE","101-61-1","P65"
"4,4'-METHYLENEBIS-DIHYDROCHLORIDE BENZENEMINE","13552-44-8","P65"
"4,4'-METHYLENEDIANILINE","101-77-9","P65"
"METHYLTHIOURACIL","56-04-2","P65"
"METIRAM","9006-42-2","P65"
"METRONIDAZOLE","443-48-1","P65"
"MICHLER'S KETONE","90-94-8","P65"
"MIREX","2385-85-5","P65"
"MITOMYCIN C","50-07-7","P65"
"MN-52","14092-99-0","P65-MC"
"MN-54","13966-31-9","P65-MC"
"MN-56","14681-52-8","P65-MC"
"MO-99","14119-15-4","P65-MC"
"MONOCHLOROBIPHENYL","27323-18-8","P65-MC"
"MONOCHLORODIBENZOFURANS, TOTAL","EDF-200","P65-MC"
"MONOCROTALINE","315-22-0","P65"
"5-(MORPHOLINOMETHYL)-3-[(5-NITRO-FURFURYLIDENE)-   AMINO]-2-OXALOLIDINONE","139-91-3","P65"
"MUSTARD GAS","505-60-2","P65"
"MX (3-chloro-4-(dichloromethyl)-5-hydroxy-2(5H)-furanone)","77439-76-0","P65"
"Methyleugenol","93-15-2","P65"
"N,N-BIS(2-CHLOROETHYL)-2-NAPHTHYLAMINE (CHLORNAPAZINE)","494-03-1","P65"
"N-ETHYL-N-NITROSOUREA","759-73-9","P65"
"N-METHYLOLACRYLAMIDE","924-42-5","P65"
"N-NITROSO-N-METHYLUREA","684-93-5","P65"
"N-NITROSO-N-METHYLURETHANE","615-53-2","P65"
"N-NITROSODI-N-BUTYLAMINE","924-16-3","P65"
"N-NITROSODIETHANOLAMINE","1116-54-7","P65"
"N-NITROSODIETHYLAMINE","55-18-5","P65"
"N-NITROSODIPHENYLAMINE","86-30-6","P65"
"4-(N-NITROSOMETHYLAMINO)-1-(3-PYRIDYL)-1-BUTANONE","64091-91-4","P65"
"3-(N-NITROSOMETHYLAMINO)PROPIONITRILE","60153-49-3","P65"
"N-NITROSOMETHYLETHYLAMINE","10595-95-6","P65"
"N-NITROSOMETHYLVINYLAMINE","4549-40-0","P65"
"N-NITROSOMORPHOLINE","59-89-2","P65"
"N-NITROSONORNICOTINE","16543-55-8","P65"
"N-NITROSOPIPERIDINE","100-75-4","P65"
"N-NITROSOPYRROLIDINE","930-55-2","P65"
"N-NITROSOSARCOSINE","13256-22-9","P65"
"N-[4-(5-NITRO-2-FURYL)-2-THIAZOLYL]ACETAMIDE","531-82-8","P65"
"NA-24","13982-04-2","P65-MC"
"NAFENOPIN","3771-19-5","P65"
"NALIDIXIC ACID","389-08-2","P65"
"NAPHTHALENE","91-20-3","P65"
"NB-93M","7440-03-1(m)","P65-MC"
"NB-94","14681-63-1","P65-MC"
"NB-95","13967-76-5","P65-MC"
"NB-95M","13967-76-5(m)","P65-MC"
"NB-97","18496-04-3","P65-MC"
"NB-97M","18496-04-3(m)","P65-MC"
"ND-147","14269-74-0","P65-MC"
"ND-149","15749-81-2","P65-MC"
"NI-59","14336-70-0","P65-MC"
"NI-63","13981-37-8","P65-MC"
"NI-65","14833-49-9","P65-MC"
"NICKEL","7440-02-0","P65"
"NICKEL (II) CHLORIDE","37211-05-5","P65-MC"
"NICKEL (II) HYDROXIDE","12054-48-7","P65"
"NICKEL (III) HYDROXIDE","12125-56-3","P65-MC"
"NICKEL (NICKEL SULFATE HEXAHYDRATE)","10101-97-0","P65-MC"
"NICKEL ACETATE","373-02-4","P65"
"NICKEL AMMONIUM SULFATE","15699-18-0","P65-MC"
"NICKEL CARBONATE","3333-67-3","P65"
"NICKEL CARBONYL","13463-39-3","P65"
"NICKEL CHLORIDE","7718-54-9","P65-MC"
"NICKEL COMPOUNDS","NDB000","P65"
"NICKEL DIOXIDE","12035-36-8","P65-MC"
"NICKEL NITRATE","14216-75-2","P65-MC"
"NICKEL OXIDE","1313-99-1","P65"
"NICKEL REFINERY DUST","1146","P65"
"NICKEL SUBSULFIDE","12035-72-2","P65"
"NICKEL SULFATE","7786-81-4","P65-MC"
"NICKEL SULFIDE ROASTING, FUME & DUST, AS NI","7440-02-0(FD)","P65-MC"
"NICKEL TRIOXIDE","1314-06-3","P65-MC"
"NICKEL, TETRAKIS(TRIS(METHYLPHENYL) PHOSPHITE-P)- (9CI)","35884-66-3","P65-MC"
"NICKELOCENE","1271-28-9","P65"
"NICKELOUS NITRATE","13138-45-9","P65-MC"
"NIRIDAZOLE","61-57-4","P65"
"NITRILOTRIACETIC ACID","139-13-9","P65"
"NITRILOTRIACETIC ACID, TRISODIUM SALT MONOHYDRATE","18662-53-8","P65"
"5-NITRO-O-ANISIDINE","99-59-2","P65"
"5-NITROACENAPHTHANE","602-87-9","P65"
"2-NITROANISOLE","91-23-6","P65"
"NITROBENZENE","98-95-3","P65"
"4-NITROBIPHENYL","92-93-3","P65"
"6-NITROCHRYSENE","7496-02-8","P65"
"NITROFEN","1836-75-5","P65"
"2-NITROFLOURENE","607-57-8","P65"
"NITROFURAZONE","59-87-0","P65"
"1-[(5-NITROFURFURYLIDENE)-AMINO]-2-IMIDAZOLIDINONE","555-84-0","P65"
"NITROGEN MUSTARD HYDROCHLORIDE","55-86-7","P65"
"NITROGEN MUSTARD N-OXIDE","126-85-2","P65"
"NITROGEN MUSTARD N-OXIDE HYDROCHLORIDE","302-70-5","P65"
"NITROMETHANE","75-52-5","P65"
"2-NITROPROPANE","79-46-9","P65"
"1-NITROPYRENE","5522-43-0","P65"
"4-NITROPYRENE","57835-92-4","P65"
"NONA-PCB","53742-07-7","P65-MC"
"2,2',3,3',4,4',5,5',6-NONACHLOROBIPHENYL (PCB-206)","40186-72-9","P65-MC"
"2,2',3,3',4,4',5,6,6'-NONACHLOROBIPHENYL (PCB-207)","52663-79-3","P65-MC"
"2,2',3,3',4,5,5',6,6'-NONACHLOROBIPHENYL (PCB-208)","52663-77-1","P65-MC"
"NORETHISTERONE","68-22-4","P65"
"NORETHYNODREL","68-23-5","P65"
"NP-236","15700-36-4","P65-MC"
"NP-236A","15700-36-4(a)","P65-MC"
"NP-236B","15700-36-4(b)","P65-MC"
"NP-237","13994-20-2","P65-MC"
"NP-237+D","13994-20-2(+D)","P65-MC"
"NP-238","15766-25-3","P65-MC"
"NP-239","13968-59-7","P65-MC"
"NP-240","15690-84-3","P65-MC"
"NP-240M","15690-84-3(m)","P65-MC"
"O,P'-DDT","789-02-6","P65-MC"
"O,P-DDD","53-19-0","P65-MC"
"O-ANISIDINE","90-04-0","P65"
"O-ANISIDINE HYDROCHLORIDE","134-29-2","P65"
"O-PHENYLENEDIAMINE","95-54-5","P65"
"O-PHENYLPHENATE, SODIUM","132-27-4","P65"
"O-TOLUIDINE","95-53-4","P65"
"O-TOLUIDINE HYDROCHLORIDE","636-21-5","P65"
"OCHRATOXIN A","303-47-9","P65"
"OCTA-PCB","55722-26-4","P65-MC"
"OCTABROMOBIPHENYL","27858-07-7","P65-MC"
"2,2',3,3',4,4',5,6-OCTACHLOROBIPHENYL","52663-78-2","P65-MC"
"2,2',3,3',4,4',5,5'-OCTACHLOROBIPHENYL (PCB-194)","35694-08-7","P65-MC"
"2,2',3,3',5,5',6,6'-OCTACHLOROBIPHENYL (PCB-202)","2136-99-4","P65-MC"
"OCTACHLORODIBENZO-P-DIOXIN","3268-87-9","P65-MC"
"1,2,3,4,6,7,8,9-OCTACHLORODIBENZOFURAN","39001-02-0","P65-MC"
"OIL ORANGE SS","2646-17-5","P65"
"ORAL CONTRACEPTIVES, COMBINED","EDF-039","P65"
"ORAL CONTRACEPTIVES, SEQUENTIAL","EDF-040","P65"
"OREGON ERIONITE","12510-42-8","P65"
"ORGANIC LEAD COMPOUNDS","EDF-230","P65-MC"
"OS-185","15766-50-4","P65-MC"
"OS-191","14119-24-5","P65-MC"
"OS-191M","14119-24-5(m)","P65-MC"
"OS-193","16057-77-5","P65-MC"
"OXAZEPAM","604-75-1","P65"
"OXYDIAZON","19666-30-9","P65"
"OXYMETHOLONE","434-07-1","P65"
"2,2',3,3',4,5,6,6'-Octachlorobiphenyl","52663-73-7","P65-MC"
"2,2',3,3',4,5,5',6'-Octachlorobiphenyl","52663-75-9","P65-MC"
"2,2',3,3',4,4',6,6'-Octachlorobiphenyl","33091-17-7","P65-MC"
"2,2',3,3',4,5,5',6-Octachlorobiphenyl","68194-17-2","P65-MC"
"2,3,3',4,4',5,5',6-Octachlorobiphenyl","74472-53-0","P65-MC"
"2,2',3,4,4',5,6,6'-Octachlorobiphenyl","74472-52-9","P65-MC"
"2,2',3,3',4,5',6,6'-Octachlorobiphenyl","40186-71-8","P65-MC"
"2,2',3,4,4',5,5',6-Octachlorobiphenyl","52663-76-0","P65-MC"
"P-32","14596-37-3","P65-MC"
"P-33","15749-66-3","P65-MC"
"P-A,A,A-TETRACHLOROTOLUENE","5216-25-1","P65"
"P-CHLORO-O-TOLUIDINE","95-69-2","P65"
"P-CHLORO-O-TOLUIDINE, STRONG ACID SALTS OF","EDF-308","P65"
"P-CHLOROANILINE","106-47-8","P65"
"P-CHLOROANILINE.HCL","20265-96-7","P65"
"P-CRESIDINE","120-71-8","P65"
"P-NITROCHLOROBENZENE","100-00-5","P65"
"P-NITROSODIPHENYLAMINE","156-10-5","P65"
"PA-231","14331-85-2","P65-MC"
"PA-233","13981-14-1","P65-MC"
"PA-234","15100-28-4","P65-MC"
"PA-234M","15100-28-4(m)","P65-MC"
"PANFURAN S","794-93-4","P65"
"PB-203","14687-25-3","P65-MC"
"PB-209","14119-30-3","P65-MC"
"PB-210+D","14255-04-0(+D)","P65-MC"
"PB-211","15816-77-0","P65-MC"
"PB-212","15092-94-1","P65-MC"
"PD-100","15690-69-4","P65-MC"
"PD-101","15749-54-9","P65-MC"
"PD-103","14967-68-1","P65-MC"
"PD-107","17637-99-9","P65-MC"
"PD-109","14981-64-7","P65-MC"
"PENTA-PCB","25429-29-2","P65-MC"
"3,3',4,4',5-PENTACHLOROBIPHENYL","57465-28-8","P65-MC"
"2,2'4,4',6-PENTACHLOROBIPHENYL (PCB-100)","39485-83-1","P65-MC"
"2,2',4,5,5'-PENTACHLOROBIPHENYL (PCB-101)","37680-73-2","P65-MC"
"2,2',4,6,6'-PENTACHLOROBIPHENYL (PCB-104)","56558-16-8","P65-MC"
"2,3,3',4,4'-PENTACHLOROBIPHENYL (PCB-105)","32598-14-4","P65-MC"
"2,3,3',4',6-PENTACHLOROBIPHENYL (PCB-110)","38380-03-9","P65-MC"
"2,3,4,5,6-PENTACHLOROBIPHENYL (PCB-116)","18259-05-7","P65-MC"
"2,3',4,4',5-PENTACHLOROBIPHENYL (PCB-118)","31508-00-6","P65-MC"
"2',3,4,5,5'-PENTACHLOROBIPHENYL (PCB-124)","70424-70-3","P65-MC"
"2,2'3,3',5-PENTACHLOROBIPHENYL (PCB-83)","60145-20-2","P65-MC"
"2,2',3,4,5'-PENTACHLOROBIPHENYL (PCB-87)","38380-02-8","P65-MC"
"2,2',3,4,6-PENTACHLOROBIPHENYL (PCB-88)","55215-17-3","P65-MC"
"2,3'3,5,6-PENTACHLOROBIPHENYL (PCB-95)","38379-99-6","P65-MC"
"2,2'4,4',6-PENTACHLOROBIPHENYL (PCB-99)","38380-01-7","P65-MC"
"PENTACHLORODIBENZO-P-DIOXIN","36088-22-9","P65-MC"
"1,2,3,7,8-PENTACHLORODIBENZO-P-DIOXIN","40321-76-4","P65-MC"
"PENTACHLORODIBENZOFURAN","30402-15-4","P65-MC"
"2,3,4,7,8-PENTACHLORODIBENZOFURAN","57117-31-4","P65-MC"
"1,2,3,7,8-PENTACHLORODIBENZOFURAN","57117-41-6","P65-MC"
"1,2,3,4,8-PENTACHLORODIBENZOFURAN","67517-48-0","P65-MC"
"PENTACHLOROPHENOL","87-86-5","P65"
"PHENACETIN","62-44-2","P65"
"PHENAZOPYRIDINE","94-78-0","P65"
"PHENAZOPYRIDINE HYDROCHLORIDE","136-40-3","P65"
"PHENESTERIN","3546-10-9","P65"
"PHENOBARBITAL","50-06-6","P65"
"PHENOLPHTHALEIN","77-09-8","P65"
"PHENOXYBENZAMINE","59-96-1","P65"
"PHENOXYBENZAMINE HYDROCHLORIDE","63-92-3","P65"
"PHENYL GLYCIDYL ETHER","122-60-1","P65"
"PHENYLHYDRAZINE","100-63-0","P65"
"2-PHENYLPHENOL","90-43-7","P65"
"PHENYTOIN","57-41-0","P65"
"PHIP(2-AMINO-1-METHYL-6-PHENYLIMIDAZOL[4,5-B]PYRIDINE","105650-23-5","P65"
"PLUTONIUM 239","15117-48-3","P65-MC"
"PLUTONIUM-238","13981-16-3","P65-MC"
"PO-212","15389-34-1","P65-MC"
"PO-213","15756-57-7","P65-MC"
"PO-215","15706-52-2","P65-MC"
"PO-216","15756-58-8","P65-MC"
"PO-218","15422-24-9","P65-MC"
"210-POLONIUM","13981-52-7","P65-MC"
"POLONIUM 214","15735-67-8","P65-MC"
"POLYBROMINATED BIPHENYLS","PJL335","P65"
"POLYCHLORINATED BIPHENYLS","1336-36-3","P65"
"POLYCHLORINATED DIBENZO-P-DIOXINS","PCDD","P65"
"POLYCHLORINATED DIBENZOFURANS","136677-10-6","P65-MC"
"POLYGEENAN","53973-98-1","P65"
"PONCEAU 3R","3564-09-8","P65"
"POTASSIUM ARSENATE","7784-41-0","P65-MC"
"POTASSIUM ARSENITE  (ASH3O4.XK)","10124-50-2","P65-MC"
"POTASSIUM BROMATE","7758-01-2","P65"
"POTASSIUM CHROMATE","7789-00-6","P65-MC"
"POTASSIUM DICHROMATE","7778-50-9","P65-MC"
"POTASSIUM ZINC CHROMATE HYDROXIDE","11103-86-9","P65-MC"
"POTASSIUM-40","13966-00-2","P65-MC"
"PR-142","14191-64-1","P65-MC"
"PR-143","14981-79-4","P65-MC"
"PR-144","14119-05-2","P65-MC"
"PR-144M","14119-05-2(m)","P65-MC"
"PROCARBAZINE","671-16-9","P65"
"PROCARBAZINE HYDROCHLORIDE","366-70-1","P65"
"PROCYMIDONE","32809-16-8","P65"
"PROGESTERONE","57-83-0","P65"
"PROMETHIUM-147","14380-75-7","P65-MC"
"PROMETHIUM-148","14683-19-3","P65-MC"
"PROMETHIUM-148M","14683-19-3(m)","P65-MC"
"PROMETHIUM-149","15765-31-8","P65-MC"
"PRONAMIDE","23950-58-5","P65"
"PROPACHLOR","1918-16-7","P65"
"PROPANE SULTONE","1120-71-4","P65"
"PROPARGITE","2312-35-8","P65"
"PROPYLENE OXIDE","75-56-9","P65"
"PROPYLENEIMINE","75-55-8","P65"
"PROPYLTHIOURACIL","51-52-5","P65"
"PT-191","15706-36-2","P65-MC"
"PT-193","15735-70-3","P65-MC"
"PT-193M","15735-70-3(m)","P65-MC"
"PT-197","15735-74-7","P65-MC"
"PT-197M","15735-74-7(m)","P65-MC"
"PU-236","15411-92-4","P65-MC"
"PU-240","14119-33-6","P65-MC"
"PU-241","14119-32-5","P65-MC"
"PU-241+D","14119-32-5(+D)","P65-MC"
"PU-242","13982-10-0","P65-MC"
"PU-243","15706-37-3","P65-MC"
"PU-244","14119-34-7","P65-MC"
"PU-244+D","14119-34-7(+D)","P65-MC"
"PYRIDINE","110-86-1","P65"
"2,3,3',4',5'-Pentachlorobiphenyl","76842-07-4","P65-MC"
"3,3',4,5,5'-Pentachlorobiphenyl","39635-33-1","P65-MC"
"2,3,3',5,6-Pentachlorobiphenyl","74472-36-9","P65-MC"
"2,3,4,4',5-Pentachlorobiphenyl","74472-37-0","P65-MC"
"2,3,4,4',6-Pentachlorobiphenyl","74472-38-1","P65-MC"
"2,3',4',5',6-Pentachlorobiphenyl","74472-39-2","P65-MC"
"2,2',3,6,6'-Pentachlorobiphenyl","73575-54-9","P65-MC"
"2,2',3,5,6'-Pentachlorobiphenyl","73575-55-0","P65-MC"
"2,2',3,5,6-Pentachlorobiphenyl","73575-56-1","P65-MC"
"2,2',3,4,6'-Pentachlorobiphenyl","73575-57-2","P65-MC"
"2,3,3',4,5'-Pentachlorobiphenyl","70362-41-3","P65-MC"
"2,3,3',4',5-Pentachlorobiphenyl","70424-68-9","P65-MC"
"2,3,3',4,5-Pentachlorobiphenyl","70424-69-0","P65-MC"
"2,2',3,4',6-Pentachlorobiphenyl","68194-05-8","P65-MC"
"2,2',4,5,6'-Pentachlorobiphenyl","68194-06-9","P65-MC"
"2,2',3,4',5-Pentachlorobiphenyl","68194-07-0","P65-MC"
"2,3,3',5',6-Pentachlorobiphenyl","68194-10-5","P65-MC"
"2,3,4',5,6-Pentachlorobiphenyl","68194-11-6","P65-MC"
"2,3',4,5,5'-Pentachlorobiphenyl","68194-12-7","P65-MC"
"2,3',4,4',5'-Pentachlorobiphenyl","65510-44-3","P65-MC"
"2,2',3,4,4'-Pentachlorobiphenyl","65510-45-4","P65-MC"
"2,2',4,5',6-Pentachlorobiphenyl","60145-21-3","P65-MC"
"2,2',3,4',6'-Pentachlorobiphenyl","60233-25-2","P65-MC"
"2,3',4,4',6-Pentachlorobiphenyl","56558-17-9","P65-MC"
"2,3',4,5',6-Pentachlorobiphenyl","56558-18-0","P65-MC"
"2,2',3,4,5-Pentachlorobiphenyl","55312-69-1","P65-MC"
"2,2',3,3',6-Pentachlorobiphenyl","52663-60-2","P65-MC"
"2,2',3,5,5'-Pentachlorobiphenyl","52663-61-3","P65-MC"
"2,2',3,3',4-Pentachlorobiphenyl","52663-62-4","P65-MC"
"2,2',3,4',5'-Pentachlorobiphenyl","41464-51-1","P65-MC"
"2,3,3',5,5'-Pentachlorobiphenyl","39635-32-0","P65-MC"
"2,3,3',4,6-Pentachlorobiphenyl","74472-35-8","P65-MC"
"QUINOLINE AND ITS STRONG ACID SALTS","EDF-217","P65"
"RA-223","15623-45-7","P65-MC"
"RA-225","13981-53-8","P65-MC"
"RA-226+D","13982-63-3(+D)","P65-MC"
"RA-228+D","15262-20-1(+D)","P65-MC"
"RADIONUCLIDES","1165","P65"
"RADIUM-224","13233-32-4","P65-MC"
"RADIUM-226","13982-63-3","P65-MC"
"RADIUM-228","15262-20-1","P65-MC"
"RADON-220","22481-48-7","P65-MC"
"RB-82","14391-63-0","P65-MC"
"RB-86","14932-53-7","P65-MC"
"RB-87","13982-13-3","P65-MC"
"RB-88","14928-36-0","P65-MC"
"RB-89","14191-65-2","P65-MC"
"RESERPINE","50-55-5","P65"
"RESIDUAL (HEAVY) FUEL OILS","EDF-049","P65"
"RH-103M","7440-16-6(m)","P65-MC"
"RH-105","14913-89-4","P65-MC"
"RH-105M","14913-89-4(m)","P65-MC"
"RH-106","14234-34-5","P65-MC"
"RN-219","14835-02-0","P65-MC"
"RN-222+D","14859-67-7(+D)","P65-MC"
"RU-103","13968-53-1","P65-MC"
"RU-105","14331-95-4","P65-MC"
"RU-106","13967-48-1","P65-MC"
"RU-106+D","13967-48-1(+D)","P65-MC"
"RU-97","15758-35-7","P65-MC"
"SAFROLE","94-59-7","P65"
"SALICYLAZOSULFAPYRIDINE","599-79-1","P65"
"SB-122","14374-79-9","P65-MC"
"SB-124","14683-10-4","P65-MC"
"SB-125","14234-35-6","P65-MC"
"SB-125+D","14234-35-6(+D)","P65-MC"
"SB-126","15756-32-8","P65-MC"
"SB-126M","15756-32-8(m)","P65-MC"
"SB-127","13968-50-8","P65-MC"
"SB-129","14331-88-5","P65-MC"
"SC-46","13967-63-0","P65-MC"
"SC-47","14391-96-9","P65-MC"
"SC-48","14391-86-7","P65-MC"
"SE-75","14265-71-5","P65-MC"
"SELENIUM SULFIDE","7446-34-6","P65"
"SHALE-OILS","68308-34-9","P65"
"SI-31","14276-49-4","P65-MC"
"SILICA","1175","P65"
"SM-147","14392-33-7","P65-MC"
"SM-151","15715-94-3","P65-MC"
"SM-153","15766-00-4","P65-MC"
"SN-113","13966-06-8","P65-MC"
"SN-121","14683-06-8","P65-MC"
"SN-121M","14683-06-8(m)","P65-MC"
"SN-125","14683-08-0","P65-MC"
"SN-126","15832-50-5","P65-MC"
"SODIUM ARSENATE","13464-38-5","P65-MC"
"SODIUM ARSENATE (ASH3O4.XNA)","7631-89-2","P65-MC"
"SODIUM ARSENITE","7784-46-5","P65-MC"
"SODIUM BICHROMATE","10588-01-9","P65-MC"
"SODIUM CHROMATE","7775-11-3","P65-MC"
"SODIUM, ISOTOPE OF MASS 22","13966-32-0","P65-MC"
"SOLUBLE NICKEL COMPOUNDS","7440-02-0(Sol)","P65-MC"
"SOOTS, TARS, AND CERTAIN MINERAL OILS","EDF-050","P65"
"SPIRONOLACTONE","52-01-7","P65"
"SR-82","14809-50-8","P65-MC"
"SR-85","13967-73-2","P65-MC"
"SR-85M","13967-73-2(m)","P65-MC"
"SR-89","14158-27-1","P65-MC"
"SR-90+D","10098-97-2(+D)","P65-MC"
"SR-91","14331-91-0","P65-MC"
"SR-92","14928-29-1","P65-MC"
"STANOZOLOL","10418-03-8","P65"
"STERIGMATOCYSTIN","10048-13-2","P65"
"STREPTOZOTOCIN","18883-66-4","P65"
"STRONG INORGANIC ACID MISTS CONTAINING SULFURIC ACID","7664-93-9(InorgMist)","P65"
"STRONTIUM CHROMATE","7789-06-2","P65-MC"
"STRONTIUM-90","10098-97-2","P65-MC"
"STYRENE OXIDE","96-09-3","P65"
"SULFALLATE","95-06-7","P65"
"SULFUR-35","15117-53-0","P65-MC"
"TA-182","13982-00-8","P65-MC"
"TALC CONTAINING ASBESTIFORM FIBERS","1190","P65"
"TAMOXIFEN AND ITS SALTS","10540-29-1","P65"
"TB-158","15759-55-4","P65-MC"
"TB-160","13981-29-8","P65-MC"
"TC-95","14809-56-4","P65-MC"
"TC-95M","14809-56-4(m)","P65-MC"
"TC-96","14808-44-7","P65-MC"
"TC-96M","14808-44-7(m)","P65-MC"
"TC-97","15759-35-0","P65-MC"
"TC-97M","15759-35-0(m)","P65-MC"
"TC-99","14133-76-7","P65-MC"
"TC-99M","14133-76-7(m)","P65-MC"
"TE-125M","14390-73-9(m)","P65-MC"
"TE-127","13981-49-2","P65-MC"
"TE-127M","13981-49-2(m)","P65-MC"
"TE-129","14269-71-7","P65-MC"
"TE-129M","14269-71-7(m)","P65-MC"
"TE-131","14683-12-6","P65-MC"
"TE-131M","14683-12-6(m)","P65-MC"
"TE-132","14234-28-7","P65-MC"
"TECHNICAL GRADE 2,4 & 2,6 DINITROTOLUENE","EDF-210","P65"
"TERRAZOLE","2593-15-9","P65"
"TERT-BUTYL CHROMATE","1189-85-1","P65-MC"
"TESTOSTERONE AND ITS ESTERS","58-22-0","P65"
"2,2',4',5-TETRABROMOBIPHENYL","EDF-323","P65-MC"
"TETRACHLOROBIPHENYL","26914-33-0","P65-MC"
"2,3',3,3'-TETRACHLOROBIPHENYL (PCB-40)","38444-93-8","P65-MC"
"2,2',3,5'-TETRACHLOROBIPHENYL (PCB-44)","41464-39-5","P65-MC"
"2,2',4,4'-TETRACHLOROBIPHENYL (PCB-47)","2437-79-8","P65-MC"
"2,2',4,5'-TETRACHLOROBIPHENYL (PCB-49)","41464-40-8","P65-MC"
"2,2',4,6-TETRACHLOROBIPHENYL (PCB-50)","62796-65-0","P65-MC"
"2,2',4,6-TETRACHLOROBIPHENYL (PCB-51)","68194-04-7","P65-MC"
"2,2',5,5'-TETRACHLOROBIPHENYL (PCB-52)","35693-99-3","P65-MC"
"2,2',5,6'-TETRACHLOROBIPHENYL (PCB-53)","41464-41-9","P65-MC"
"2,2',6,6'-TETRACHLOROBIPHENYL (PCB-54)","15968-05-5","P65-MC"
"2,3,4,4'-TETRACHLOROBIPHENYL (PCB-60)","33025-41-1","P65-MC"
"2,3,4,5-TETRACHLOROBIPHENYL (PCB-61)","33284-53-6","P65-MC"
"2,3,5,6-TETRACHLOROBIPHENYL (PCB-65)","33284-54-7","P65-MC"
"2,3',4,4'-TETRACHLOROBIPHENYL (PCB-66)","32598-10-0","P65-MC"
"2,3'4',5-TETRACHLOROBIPHENYL (PCB-70)","32598-11-1","P65-MC"
"2,4,4',6-TETRACHLOROBIPHENYL (PCB-75)","32598-12-2","P65-MC"
"3,3',4,4'-TETRACHLOROBIPHENYL (PCB-77)","32598-13-3","P65-MC"
"3,3',5,5'-TETRACHLOROBIPHENYL (PCB-80)","33284-52-5","P65-MC"
"2,3,7,8-TETRACHLORODIBENZO-P-DIOXIN (TCDD)","1746-01-6","P65"
"2,3,7,8-TETRACHLORODIBENZOFURAN","51207-31-9","P65-MC"
"TETRACHLORODIBENZOFURAN","30402-14-3","P65-MC"
"1,1,2,2-TETRACHLOROETHANE","79-34-5","P65"
"TETRACHLOROETHYLENE","127-18-4","P65"
"TETRAETHYLLEAD","78-00-2","P65-MC"
"1,1,2,2-TETRAFLUOROETHYLENE","116-14-3","P65"
"TETRAMETHYL LEAD","75-74-1","P65-MC"
"TETRANITROMETHANE","509-14-8","P65"
"TH-228+D","14274-82-9(+D)","P65-MC"
"TH-229","15594-54-4","P65-MC"
"TH-229+D","15594-54-4(+D)","P65-MC"
"TH-231","14932-40-2","P65-MC"
"TH-234","15065-10-8","P65-MC"
"THIOACETAMIDE","62-55-5","P65"
"THIODICARB","59669-26-0","P65"
"THIOURACIL","141-90-2","P65"
"THIOUREA","62-56-6","P65"
"THORIUM","7440-29-1","P65-MC"
"THORIUM DIOXIDE","1314-20-1","P65"
"THORIUM, ISOTOPE OF MASS 227","15623-47-9","P65-MC"
"THORIUM, ISOTOPE OF MASS 228","14274-82-9","P65-MC"
"THORIUM, ISOTOPE OF MASS 230","14269-63-7","P65-MC"
"TL-202","15720-57-7","P65-MC"
"TL-204","13968-51-9","P65-MC"
"TL-207","EDF-307","P65-MC"
"TL-208","14913-50-9","P65-MC"
"TL-209","15690-73-0","P65-MC"
"TM-170","13981-30-1","P65-MC"
"TM-171","14333-45-0","P65-MC"
"TOBACCO, ORAL USE OF SMOKELESS PRODUCTS","EDF-053","P65"
"TOLUENE DIISOCYANATE (MIXED ISOMERS)","26471-62-5","P65"
"TOLUENE-2,4-DIISOCYANATE","584-84-9","P65-MC"
"TOLUENE-2,6-DIISOCYANATE","91-08-7","P65-MC"
"TRANS-1,3-DICHLOROPROPENE","10061-02-6","P65-MC"
"TRANS-2-[(DIMETHYLAMINO)METHYLIMINO]-5-[2-5-NITRO-2-FURYL)VINYL]-1,3,4-OXADIAZOLE","55738-54-0","P65"
"TREOSULFAN","299-75-2","P65"
"TRI-PCB","25323-68-6","P65-MC"
"TRIAZIQUONE","68-76-8","P65"
"TRIBROMOMETHANE","75-25-2","P65"
"TRICHLORMETHINE (TRIMUSTINE HYDROCHLORIDE)","817-09-4","P65"
"2,2'3-TRICHLOROBIPHENYL (PCB-16)","38444-78-9","P65-MC"
"2,2',5-TRICHLOROBIPHENYL (PCB-18)","37680-65-2","P65-MC"
"2,3,3'-TRICHLOROBIPHENYL (PCB-20)","38444-84-7","P65-MC"
"2,3,4-TRICHLOROBIPHENYL (PCB-21)","55702-46-0","P65-MC"
"2,3',5-TRICHLOROBIPHENYL (PCB-26)","38444-81-4","P65-MC"
"2,4,4'-TRICHLOROBIPHENYL (PCB-28)","7012-37-5","P65-MC"
"2,4,5-TRICHLOROBIPHENYL (PCB-29)","15862-07-4","P65-MC"
"2,4,6-TRICHLOROBIPHENYL (PCB-30)","35693-92-6","P65-MC"
"2,4',5-TRICHLOROBIPHENYL (PCB-31)","16862-07-4","P65-MC"
"2',3,4-TRICHLOROBIPHENYL (PCB-33)","38444-86-9","P65-MC"
"3,3',4-TRICHLOROBIPHENYL (PCB-35)","37680-69-6","P65-MC"
"3,4,4-TRICHLOROBIPHENYL (PCB-37)","EDF-301","P65-MC"
"TRICHLORODIBENZO-P-DIOXINS, TOTAL","EDF-351","P65-MC"
"TRICHLORODIBENZOFURANS, TOTAL","EDF-352","P65-MC"
"1,1,2-TRICHLOROETHANE","79-00-5","P65"
"TRICHLOROETHYLENE","79-01-6","P65"
"2,4,6-TRICHLOROPHENOL","88-06-2","P65"
"1,2,3-TRICHLOROPROPANE","96-18-4","P65"
"TRIMETHYL PHOSPHATE","512-56-1","P65"
"2,4,5-TRIMETHYLANILINE AND ITS STRONG ACID SALTS","EDF-218","P65"
"TRIPHENYLTIN HYDROXIDE","76-87-9","P65"
"TRIS(1-AZIRIDINYL) PHOSPHINE SULFIDE (THIOTEPA)","52-24-4","P65"
"TRIS(2,3-DIBROMOPROPYL) PHOSPHATE","126-72-7","P65"
"TRIS(2-CHLOROETHYL) PHOSPHATE","115-96-8","P65"
"TRITIUM","10028-17-8","P65-MC"
"TRP-P-1 (TRYPTOPHAN-P-1)","62450-06-0","P65"
"TRP-P-2 (TRYPTOPHAN-P-2)","62450-07-1","P65"
"TRYPAN BLUE","72-57-1","P65"
"2,2',3,4'-Tetrachlorobiphenyl","36559-22-5","P65-MC"
"2,3,3',6-Tetrachlorobiphenyl","74472-33-6","P65-MC"
"2,3,4',5-Tetrachlorobiphenyl","74472-34-7","P65-MC"
"2,3',4,5'-Tetrachlorobiphenyl","73575-52-7","P65-MC"
"2,3',4,5-Tetrachlorobiphenyl","73575-53-8","P65-MC"
"2,3',5',6-Tetrachlorobiphenyl","74338-23-1","P65-MC"
"2,3,3',4-Tetrachlorobiphenyl","74338-24-2","P65-MC"
"2,2',3,6-Tetrachlorobiphenyl","70362-45-7","P65-MC"
"2,2',3,5-Tetrachlorobiphenyl","70362-46-8","P65-MC"
"2,2',4,5-Tetrachlorobiphenyl","70362-47-9","P65-MC"
"2,3',4',5'-Tetrachlorobiphenyl","70362-48-0","P65-MC"
"3,3',4,5-Tetrachlorobiphenyl","70362-49-1","P65-MC"
"3,4,4',5-Tetrachlorobiphenyl","70362-50-4","P65-MC"
"2,3,3',5-Tetrachlorobiphenyl","70424-67-8","P65-MC"
"2,3',4,6-Tetrachlorobiphenyl","60233-24-1","P65-MC"
"2,3,4,6-Tetrachlorobiphenyl","54230-22-7","P65-MC"
"2,2',3,4-Tetrachlorobiphenyl","52663-59-9","P65-MC"
"2,3,4',6-Tetrachlorobiphenyl","52663-58-8","P65-MC"
"2,3',5,5'-Tetrachlorobiphenyl","41464-42-0","P65-MC"
"2,3,3',4'-Tetrachlorobiphenyl","41464-43-1","P65-MC"
"2,3',4',6-Tetrachlorobiphenyl","41464-46-4","P65-MC"
"2,2',3,6'-Tetrachlorobiphenyl","41464-47-5","P65-MC"
"3,3',4,5'-Tetrachlorobiphenyl","41464-48-6","P65-MC"
"2,3,3',5'-Tetrachlorobiphenyl","41464-49-7","P65-MC"
"2,4,4',5-Tetrachlorobiphenyl (PCB 74)","32690-93-0","P65-MC"
"3,4,4',5-Tetrachlorobiphenyl (PCB81)","EDF-510","P65-MC"
"3,4',5-Trichlorobiphenyl","38444-88-1","P65-MC"
"3,4,4'-Trichlorobiphenyl","38444-90-5","P65-MC"
"2,3',5'-Trichlorobiphenyl","37680-68-5","P65-MC"
"2,2',4-Trichlorobiphenyl","37680-66-3","P65-MC"
"2,4',5-Trichlorobiphenyl","16606-02-3","P65-MC"
"2,3,6-Trichlorobiphenyl","55702-45-9","P65-MC"
"2,3',4-Trichlorobiphenyl","55712-37-3","P65-MC"
"2,3,5-Trichlorobiphenyl","55720-44-0","P65-MC"
"3,4,5-Trichlorobiphenyl","53555-66-1","P65-MC"
"2,2',6-Trichlorobiphenyl","38444-73-4","P65-MC"
"2,3',6-Trichlorobiphenyl","38444-76-7","P65-MC"
"3,3',5-Trichlorobiphenyl","38444-87-0","P65-MC"
"2,4',6-Trichlorobiphenyl","38444-77-8","P65-MC"
"2,3,4'-Trichlorobiphenyl","38444-85-8","P65-MC"
"U-232","14158-29-3","P65-MC"
"U-235+D","15117-96-1(+D)","P65-MC"
"U-236","13982-70-2","P65-MC"
"U-237","14269-75-1","P65-MC"
"U-238+D","7440-61-1(+D)","P65-MC"
"U-240","15687-53-3","P65-MC"
"UNLEADED GASOLINE (WHOLLY VAPORIZED)","GCE100","P65"
"URACIL MUSTARD","66-75-1","P65"
"URANIUM","7440-61-1","P65-MC"
"URANIUM, ISOTOPE OF MASS 234","13966-29-5","P65-MC"
"URANIUM-233","13968-55-3","P65-MC"
"URANIUM-235","15117-96-1","P65-MC"
"URETHANE","51-79-6","P65"
"V-48","14331-97-6","P65-MC"
"VINCLOZOLIN","50471-44-8","P65"
"VINYL BROMIDE","593-60-2","P65"
"VINYL CHLORIDE","75-01-4","P65"
"4-VINYLCYCLOHEXENE","100-40-3","P65"
"Vinyl monohalides","EDF-561","P65-MC"
"W-181","15749-46-9","P65-MC"
"W-185","14932-41-3","P65-MC"
"W-187","14983-48-3","P65-MC"
"XE-122","15151-09-4","P65-MC"
"XE-123","15700-10-4","P65-MC"
"XE-125","13994-18-8","P65-MC"
"XE-127","13994-19-9","P65-MC"
"XE-129M","13965-99-6(m)","P65-MC"
"XE-131M","14683-11-5(m)","P65-MC"
"XE-133","14932-42-4","P65-MC"
"XE-133M","14932-42-4(m)","P65-MC"
"XE-135","14995-62-1","P65-MC"
"XE-135M","14995-62-1(m)","P65-MC"
"XE-137","14835-21-3","P65-MC"
"XE-138","15751-81-2","P65-MC"
"2,6-XYLIDINE","87-62-7","P65"
"Y-90","10098-91-6","P65-MC"
"Y-91","14234-24-3","P65-MC"
"Y-91M","14234-24-3(m)","P65-MC"
"Y-92","15751-59-4","P65-MC"
"Y-93","14981-70-5","P65-MC"
"ZINC CHROMATE","13530-65-9","P65-MC"
"ZINC CHROMATE WITH ZINC HYDROXIDE AND CHROMIUM OXIDE (9:1)","37300-23-5","P65-MC"
"ZINC CHROMATES","EDF-130","P65-MC"
"ZINC POTASSIUM CHROMATE","37224-57-0","P65-MC"
"ZN-65","13982-39-3","P65-MC"
"ZN-69","13982-23-5","P65-MC"
"ZN-69M","13982-23-5(m)","P65-MC"
"ZR-93","15751-77-6","P65-MC"
"ZR-95","13967-71-0","P65-MC"
"ZR-97","14928-30-4","P65-MC"
"Zileuton","111406-87-2","P65"
"carboxymethylnitrosourea","60391-92-6","P65"
"gemfiborzil","25812-30-0","P65"
"lead II arsenate","7645-25-2","P65-MC"
"primidone","125-33-7","P65"
"propylene glycol butyl ether","57018-52-7","P65"
"2,2¿,3,3¿,4,4¿,5,6¿-Octachlorobiphenyl (PCB196)","42740-50-1","P65-MC"
