"Chemical Name","CAS Registry Number (or EDF Substance ID)"
"BROMOTRIFLUOROMETHANE","75-63-8"
"CARBON DIOXIDE","124-38-9"
"CARBON MONOXIDE","630-08-0"
"CARBON TETRACHLORIDE","56-23-5"
"2-CHLORO-1,1,1,2-TETRAFLUOROETHANE","2837-89-0"
"1-CHLORO-1,1-DIFLUOROETHANE","75-68-3"
"CHLORODIFLUOROMETHANE","75-45-6"
"1,1-DICHLORO-1-FLUOROETHANE","1717-00-6"
"DICHLORODIFLUOROMETHANE","75-71-8"
"DICHLOROTETRAFLUOROETHANE (CFC-114)","76-14-2"
"1, 1-DIFLUOROETHANE","75-37-6"
"ETHANE, PENTAFLUORO- (8CI)(9CI)","354-33-6"
"FREON 113","76-13-1"
"METHANE","74-82-8"
"MONOCHLOROPENTAFLUOROETHANE","76-15-3"
"NITROUS OXIDE","10024-97-2"
"1,1,1,2-TETRAFLUOROETHANE","811-97-2"
"1,1,1-TRICHLOROETHANE","71-55-6"
"TRICHLOROFLUOROMETHANE","75-69-4"
"1,1,1-TRIFLUORO-2,2-DICHLOROETHANE","306-83-2"
"1,1,1-TRIFLUOROETHANE","420-46-2"
