Chemical Name,CAS Registry Number (or EDF Substance ID),References
ACETAZOLAMIDE,59-66-5,P65
ACETOHYDROXAMIC ACID,546-88-3,P65
ACETYLSALICYLIC ACID,50-78-2,P65
ACTINOMYCIN D,50-76-0,P65
ADRIAMYCIN,23214-92-8,P65
ALKYL LEAD COMPOUNDS,EDF-171,P65-MC
ALKYL MERCURY COMPOUNDS,7439-97-6(Alk),P65-MC
ALL-TRANS RETINOIC ACID,302-79-4,P65
ALPRAZOLAM,28981-97-7,P65
AMANTADINE HYDROCHLORIDE,665-66-7,P65
AMIKACIN SULFATE,39831-55-5,P65
AMINOGLUTETHIMIDE,125-84-8,P65
AMINOGLYCOSIDES,EDF-076,P65
AMINOPTERIN,54-62-6,P65
AMIODARONE HYDROCHLORIDE,19774-82-4,P65
AMITRAZ,33089-61-1,P65
AMMONIUM COPPER ARSENATE,16102-92-4,P65-MC
AMOXAPINE,14028-44-5,P65
ANGIOTENSIN CONVERTING ENZYME (ACE) INHIBITORS,1407-47-2,P65
ANISINDIONE,117-37-3,P65
AROCLOR 1016,12674-11-2,P65-MC
AROCLOR 1221,11104-28-2,P65-MC
AROCLOR 1232,11141-16-5,P65-MC
AROCLOR 1240,71328-89-7,P65-MC
AROCLOR 1242,53469-21-9,P65-MC
AROCLOR 1248,12672-29-6,P65-MC
AROCLOR 1254,11097-69-1,P65-MC
AROCLOR 1260,11096-82-5,P65-MC
AROCLOR 1262,37324-23-5,P65-MC
AROCLOR 1268,11100-14-4,P65-MC
ARSENIC,7440-38-2,P65-MC
ARSENIC (TRIVALENT),22569-72-8,P65-MC
ARSENIC ACID,7778-39-4,P65-MC
ARSENIC DISULFIDE,1303-32-8,P65-MC
ARSENIC OXIDE (3),1327-53-3,P65-MC
ARSENIC PENTOXIDE,1303-28-2,P65-MC
ARSENIC TRISULFIDE,1303-33-9,P65-MC
ARSENIC V,17428-41-0,P65-MC
ARSENOUS TRICHLORIDE,7784-34-1,P65-MC
ARSINE,7784-42-1,P65-MC
ARYL MERCURY COMPOUNDS,7439-97-6(Aryl),P65-MC
ATENOLOL,29122-68-7,P65
AZATHIOPRINE,446-86-6,P65
Aroclor (unspecified),12767-79-2,P65-MC
Aroclor 1210,147601-87-4,P65-MC
Aroclor 1216,151820-27-8,P65-MC
Aroclor 1231,37234-40-5,P65-MC
Aroclor 1250,165245-51-2,P65-MC
Aroclor 1252,89577-78-6,P65-MC
Auranofin,34031-32-8,P65
BARBITURATES,BAG500,P65
BECLOMETHASONE DIPROPIONATE,9/8/5534,P65
BENOMYL,17804-35-2,P65
BENZENE,71-43-2,P65
"(1,2-BENZENEDICARBOXYLATO(2-))DIOXOTRILEAD",69011-06-9,P65-MC
BENZODIAZEPINES,EDF-007,P65
BENZPHETAMINE HYDROCHLORIDE,5411-22-3,P65
"BIPHENYL, HEXABROMO-",36355-01-8,P65-MC
BIS(2-ETHYLHEXYL)PHTHALATE,117-81-7,P65
BIS(ISOBUTYL) MERCURY,24470-76-6,P65-MC
BISCHLOROETHYL NITROSOUREA (BCNU),154-93-8,P65
"BROMACIL LITHIUM SALT (2,4(H,3H)-PYRIMIDINEDIONE, ETHYL-3 (1-METHYLPROPYL), LITHIUM SALT)",53404-19-6,P65
BROMOXYNIL,1689-84-5,P65
BROMOXYNIL OCTANOATE,1689-99-2,P65
BUTABARBITAL SODIUM,143-81-7,P65
"1,3-BUTADIENE",106-99-0,P65
"1,4-BUTANEDIOL DIMETHANESULFONATE (MYLERAN)",55-98-1,P65
CADMIUM,7440-43-9,P65
CALCIUM ARSENATE [2ASH3O4.2CA],7778-44-1,P65-MC
CALCIUM ARSENITE,52740-16-6,P65-MC
CARBON DISULFIDE,75-15-0,P65
CARBON MONOXIDE,630-08-0,P65
CARBOPLATIN,41575-94-4,P65
CHENODIOL,474-25-9,P65
"CHINOMETHIONAT (6-METHYL-1,3-DITHIOLO[4,5-B]QUINOX",1/2/2439,P65
CHLORAMBUCIL,305-03-3,P65
CHLORCYCLIZINE HYDROCHLORIDE,1620-21-9,P65
CHLORDECONE (KEPONE),143-50-0,P65
CHLORDIAZEPOXIDE,58-25-3,P65
CHLORDIAZEPOXIDE HYDROCHLORIDE,438-41-5,P65
2-CHLOROBIPHENYL (PCB-1),2051-60-7,P65-MC
3-CHLOROBIPHENYL (PCB-2),2051-61-8,P65-MC
4-CHLOROBIPHENYL (PCB-3),2051-62-9,P65-MC
1-(2-CHLOROETHYL)-3-CYCLOHEXYL-1-NITROSOUREA,13010-47-4,P65
CHLOROMETHANE,74-87-3,P65
CHLOROMETHOXYPROPYLMERCURIC ACETATE [CPMA],EDF-183,P65-MC
CHLORSULFURON,64902-72-3,P65
CHROMIUM LEAD SILICATE,11113-70-5,P65-MC
CLADRIBINE,4291-63-8,P65
CLARITHROMYCIN,81103-11-9,P65
CLOBETASOL PROPIONATE,25122-46-7,P65
CLOMIPHENE CITRATE,50-41-9,P65
CLORAZEPATE DIPOTASSIUM,57109-90-7,P65
COCAINE,50-36-2,P65
CODEINE PHOSPHATE,52-28-8,P65
COLCHICINE,64-86-8,P65
CONJUGATED ESTROGENS,EDF-023,P65
COPPER ARSENATE,10103-61-4,P65-MC
CYANAZINE,21725-46-2,P65
CYCLO-DI-:-OXO(:-PHTHALATO)TRILEAD,17976-43-1,P65-MC
CYCLOATE,1134-23-2,P65
CYCLOHEXIMIDE,66-81-9,P65
CYCLOPHOSPHAMIDE,50-18-0,P65
CYCLOPHOSPHAMIDE (HYDRATED),6055-19-2,P65
CYTARABINE,147-94-4,P65
Carbamazepine,298-46-4,P65
Cidofovir,113852-37-2,P65
Coplanar Polychlorinated Biphenyls,EDF-511,P65-MC
DACARBAZINE,3/4/4342,P65
DANAZOL,17230-88-5,P65
DAUNORUBICIN HYDROCHLORIDE,23541-50-6,P65
DDT,50-29-3,P65
DECABROMOBIPHENYL,13654-09-6,P65-MC
"2,2',3,3',4,4',5,5',6,6'-DECACHLOROBIPHENYL (PCB-209)",2051-24-3,P65-MC
DEMECLOCYCLINE HYDROCHLORIDE (INTERNAL USE),64-73-3,P65
DI(PHENYLMERCURY)DODECENYLSUCCINATE [PMDS],EDF-187,P65-MC
DI-PCB,25512-42-9,P65-MC
DIAZEPAM,439-14-5,P65
DIAZOXIDE,364-98-7,P65
"1,2-DIBROMOETHANE",106-93-4,P65
"2,6-DICHLOROBIPHENYL (PCB-10)",33146-45-1,P65-MC
"3,3'-DICHLOROBIPHENYL (PCB-11)",2050-67-1,P65-MC
"3,4-DICHLOROBIPHENYL (PCB-12)",2974-92-7,P65-MC
"3,5-DICHLOROBIPHENYL (PCB-14)",34883-41-5,P65-MC
"4,4'-DICHLOROBIPHENYL (PCB-15)",2050-68-2,P65-MC
"2,2'-DICHLOROBIPHENYL (PCB-4)",13029-08-8,P65-MC
"2,3-DICHLOROBIPHENYL (PCB-5)",16605-91-7,P65-MC
"2,4-DICHLOROBIPHENYL (PCB-7)",33284-50-3,P65-MC
"2,4'-DICHLOROBIPHENYL (PCB-8)",34883-43-7,P65-MC
"2,5-DICHLOROBIPHENYL (PCB-9)",34883-39-1,P65-MC
DICHLOROPHENE,97-23-4,P65
DICHLORPHENAMIDE,120-97-8,P65
DICLOFOP METHYL,51338-27-3,P65
DICUMAROL,66-76-2,P65
DIETHYL MERCURY,627-44-1,P65-MC
DIETHYLSTILBESTROL,56-53-1,P65
DIHYDROERGOTAMINE MESYLATE,6190-39-2,P65
DIISOPROPYL MERCURY,1071-39-2,P65-MC
DILTIAZEM HYDROCHLORIDE,33286-22-5,P65
DIMETHYL MERCURY,593-74-8,P65-MC
DINITROBUTYL PHENOL,88-85-7,P65
DINOCAP,39300-45-3,P65
DISODIUM CYANODITHIOIMIDOCARBONATE,138-93-2,P65
DOXYCYCLINE,564-25-0,P65
DOXYCYCLINE CALCIUM (INTERNAL USE),94088-85-4,P65
DOXYCYCLINE HYCLATE (INTERNAL USE),24390-14-5,P65
DOXYCYCLINE MONOHYDRATE (INTERNAL USE),17086-28-1,P65
"2,3'-Dichlorobiphenyl",25569-80-6,P65-MC
"3,4'-Dichlorobiphenyl",2974-90-5,P65-MC
Diflunisal,22494-42-4,P65
ENDRIN,72-20-8,P65
ERGOTAMINE TARTRATE,379-79-3,P65
ESTROPIPATE,7280-37-7,P65
ETHIONAMIDE,536-33-4,P65
ETHYL ALCOHOL IN ALCOHOLIC BEVERAGES,EDF-026,P65
ETHYL DIPROPYLTHIOCARBAMATE,759-94-4,P65
ETHYLENE GLYCOL MONOETHYL ETHER,110-80-5,P65
ETHYLENE GLYCOL MONOETHYL ETHER ACETATE,111-15-9,P65
ETHYLENE GLYCOL MONOMETHYL ETHER,109-86-4,P65
ETHYLENE GLYCOL MONOMETHYL ETHER ACETATE,110-49-6,P65
ETHYLENE THIOUREA,96-45-7,P65
ETHYLMERCURIC PHOSPHATE,2235-25-8,P65-MC
ETOPOSIDE,33419-42-0,P65
ETRETINATE,54350-48-0,P65
"FENOXAPROP ETHYL(2-(4-((6-CHLORO-2-BENZOXAZOLYEN)OXY)PENOXY)PROPANIC ACID,ETHYL ESTER)",66441-23-4,P65
FILGRASTIM,121181-53-1,P65
FIREMASTER BP-6,59536-65-1,P65-MC
FIREMASTER FF-1,67774-32-7,P65-MC
FLUAZIFOP-BUTYL,69806-50-4,P65
FLUNISOLIDE,3/3/3385,P65
FLUOROURACIL,51-21-8,P65
FLUOXYMESTRONE,76-43-7,P65
FLURAZEPAM HYDROCHLORIDE,1172-18-5,P65
FLUTAMIDE,13311-84-7,P65
FLUTICASONE PROPIONATE,80474-14-2,P65
FLUVALINATE,69409-94-5,P65
FULMINATE DE MERCURE,628-86-4,P65-MC
GALLIUM ARSENIDE,1303-00-0,P65-MC
GANCICLOVIR SODIUM,82410-32-0,P65
GOSERELIN ACETATE,65807-02-5,P65
HALAZEPAM,23092-17-3,P65
HALOTHANE,151-67-7,P65
HEPTA-PCB,28655-71-2,P65-MC
HEPTACHLOR,76-44-8,P65
"2,2',3,3',4,4',5-HEPTACHLOROBIPHENYL",35065-30-6,P65-MC
"2,2',3,3',4,4',6-HEPTACHLOROBIPHENYL (PCB-171)",52663-71-5,P65-MC
"2,2',3,4,4',5,5'-HEPTACHLOROBIPHENYL (PCB-180)",35065-29-3,P65-MC
"2,2',3,4,5,5',6-HEPTACHLOROBIPHENYL (PCB-185)",52712-05-7,P65-MC
"2,2',3,4',5,5',6-HEPTACHLOROBIPHENYL (PCB-187)",52663-68-0,P65-MC
HEXA-PCB,26601-64-9,P65-MC
HEXACHLOROBENZENE,118-74-1,P65
"2,2',3,4,4',5'-HEXACHLOROBIPHENYL",35065-28-2,P65-MC
"2,2',3,3',4,4'-HEXACHLOROBIPHENYL (PCB-128)",38380-07-3,P65-MC
"2,2',3,3',4,5-HEXACHLOROBIPHENYL (PCB-129)",55215-18-4,P65-MC
"2,2',3,3',5,6-HEXACHLOROBIPHENYL (PCB-134)",52704-70-8,P65-MC
"2,2',3,3',6,6'-HEXACHLOROBIPHENYL (PCB-136)",38411-22-2,P65-MC
"2,2',3,4',5',6-HEXACHLOROBIPHENYL (PCB-149)",38380-04-0,P65-MC
"2,2',4,4',5,5'-HEXACHLOROBIPHENYL (PCB-153)",35065-27-1,P65-MC
"2,2',4,4',6,6'-HEXACHLOROBIPHENYL (PCB-155)",33979-03-2,P65-MC
"2,3,3',4,4',5-HEXACHLOROBIPHENYL (PCB-156)",38380-08-4,P65-MC
"3,3'4,4',5,5'-HEXACHLOROBIPHENYL (PCB-169)",32774-16-6,P65-MC
HISTRELIN ACETATE,EDF-344,P65
HYDRAMETHYLNON,67485-29-4,P65
HYDROXYMETHYL MERCURY,1184-57-2,P65-MC
HYDROXYUREA,127-07-1,P65
Haloperidol,52-86-8,P65
"2,2',3,3',5,6,6'-Heptachlorobiphenyl",52663-64-6,P65-MC
"2,2',3,3',4,6,6'-Heptachlorobiphenyl",52663-65-7,P65-MC
"2,2',3,4,4',5,6-Heptachlorobiphenyl",74472-47-2,P65-MC
"2,2',3,3',4,5,6'-Heptachlorobiphenyl",38411-25-5,P65-MC
"2,3,3',4,4',5,6-Heptachlorobiphenyl",41411-64-7,P65-MC
"2,2',3,4',5,6,6'-Heptachlorobiphenyl",74487-85-7,P65-MC
"2,3,3',4',5,5',6-Heptachlorobiphenyl",69782-91-8,P65-MC
"2,2',3,4,4',5,6'-Heptachlorobiphenyl",60145-23-5,P65-MC
"2,3,3',4,5,5',6-Heptachlorobiphenyl",74472-51-8,P65-MC
"2,3,3',4,4',5',6-Heptachlorobiphenyl",74472-50-7,P65-MC
"2,2',3,3',4,5,6-Heptachlorobiphenyl",68194-16-1,P65-MC
"2,2',3,3',4,5,5'-Heptachlorobiphenyl",52663-74-8,P65-MC
"2,2',3,4,5,6,6'-Heptachlorobiphenyl",74472-49-4,P65-MC
"2,2',3,3',4,5',6'-Heptachlorobiphenyl",52663-70-4,P65-MC
"2,2',3,4,4',5',6-Heptachlorobiphenyl",52663-69-1,P65-MC
"2,2',3,3',5,5',6-Heptachlorobiphenyl",52663-67-9,P65-MC
"2,2',3,4,4',6,6'-Heptachlorobiphenyl",74472-48-3,P65-MC
"2,2',3,3',4,5',6-Heptachlorobiphenyl",40186-70-7,P65-MC
"2,2',3,4,4',6-Hexachlorobiphenyl",56030-56-9,P65-MC
"2,2',3,5,5',6-Hexachlorobiphenyl",52663-63-5,P65-MC
"2,2',3,3',4,5'-Hexachlorobiphenyl",52663-66-8,P65-MC
"2,3',4,4',5,5'-Hexachlorobiphenyl",52663-72-6,P65-MC
"2,2',3,4,5,5'-Hexachlorobiphenyl",52712-04-6,P65-MC
"2,2',3,3',5,6'-Hexachlorobiphenyl",52744-13-5,P65-MC
"2,2',3,4',5,5'-Hexachlorobiphenyl",51908-16-8,P65-MC
"2,2',3,4,5,6-Hexachlorobiphenyl",41411-61-4,P65-MC
"2,3,3',4,5,6-Hexachlorobiphenyl",41411-62-5,P65-MC
"2,3,4,4',5,6-Hexachlorobiphenyl",41411-63-6,P65-MC
"2,3,3',4',5,5'-Hexachlorobiphenyl",39635-34-2,P65-MC
"2,3,3',4,5,5'-Hexachlorobiphenyl",39635-35-3,P65-MC
"2,2',3,3',4,6'-Hexachlorobiphenyl",38380-05-1,P65-MC
"2,3',4,4',5',6-Hexachlorobiphenyl",59291-65-5,P65-MC
"2,2',3,4,4',6'-Hexachlorobiphenyl",59291-64-4,P65-MC
"2,2',4,4',5,6'-Hexachlorobiphenyl",60145-22-4,P65-MC
"2,2',3,3',4,6-Hexachlorobiphenyl",61798-70-7,P65-MC
"2,2',3,4,5,6'-Hexachlorobiphenyl",68194-15-0,P65-MC
"2,2',3,4,5',6-Hexachlorobiphenyl",68194-14-9,P65-MC
"2,2',3,4',5,6-Hexachlorobiphenyl",68194-13-8,P65-MC
"2,2',3,5,6,6'-Hexachlorobiphenyl",68194-09-2,P65-MC
"2,2',3,4',6,6'-Hexachlorobiphenyl",68194-08-1,P65-MC
"2,3,3',4,4',5'-Hexachlorobiphenyl",69782-90-7,P65-MC
"2,3,3',5,5',6-Hexachlorobiphenyl",74472-46-1,P65-MC
"2,3,3',4',5',6-Hexachlorobiphenyl",74472-45-0,P65-MC
"2,3,3',4',5,6-Hexachlorobiphenyl",74472-44-9,P65-MC
"2,3,3',4,5',6-Hexachlorobiphenyl",74472-43-8,P65-MC
"2,3,3',4,4',6-Hexachlorobiphenyl",74472-42-7,P65-MC
"2,2',3,4',5,6'-Hexachlorobiphenyl",74472-41-6,P65-MC
"2,2',3,4,6,6'-Hexachlorobiphenyl",74472-40-5,P65-MC
"2,2',3,3',5,5'-Hexachlorobiphenyl",35694-04-3,P65-MC
"2,2',3,4,4',5-Hexachlorobiphenyl",35694-06-5,P65-MC
"2,3,3',4,4',5,5'-HpCB",39635-31-9,P65-MC
IDARUBICIN HYDROCHLORIDE,57852-57-0,P65
IFOSFAMIDE,3778-73-2,P65
INORGANIC ARSENIC COMPOUNDS,EDF-222,P65
INORGANIC LEAD COMPOUNDS,1128,P65-MC
INORGANIC MERCURY COMPOUNDS,MCZ000,P65-MC
IODINE-131,10043-66-0,P65
ISOTRETINOIN,4759-48-2,P65
LEAD,7439-92-1,P65
LEAD (ALKYL 4+) (SOLNR LEAD ALKYLS),EDF-199,P65-MC
LEAD ACETATE,301-04-2,P65-MC
LEAD ARSENATE,7784-40-9,P65-MC
LEAD ARSENITE,10031-13-7,P65-MC
LEAD CHLORIDE,7758-95-4,P65-MC
LEAD CHROMATE,7758-97-6,P65-MC
LEAD CHROMATE OXIDE,18454-12-1,P65-MC
LEAD COMPOUNDS,LCT000,P65
LEAD DIOXIDE,1309-60-0,P65-MC
LEAD FLUOBORATE,13814-96-5,P65-MC
LEAD FLUORIDE,7783-46-2,P65-MC
LEAD IODIDE,10101-63-0,P65-MC
LEAD NITRATE,10099-74-8,P65-MC
LEAD PHOSPHATE,7446-27-7,P65-MC
LEAD SILICATE,11120-22-2,P65-MC
LEAD STEARATE,7428-48-0,P65-MC
LEAD SUBACETATE,1335-32-6,P65-MC
LEAD SULFATE,7446-14-2,P65-MC
LEAD SULFIDE,1314-87-0,P65-MC
LEAD THIOCYANATE,592-87-0,P65-MC
LEAD(II) OXIDE,1317-36-8,P65-MC
LEAD-MOLYBDENUM CHROMATE,12709-98-7,P65-MC
LEUPROLIDE ACETATE,74381-53-6,P65
LINURON,330-55-2,P65
LITHIUM CARBONATE,554-13-2,P65
LITHIUM CITRATE,919-16-4,P65
LORAZEPAM,846-49-1,P65
LOVASTATIN,75330-75-5,P65
Levodopa,59-92-7,P65
MAGNESIUM ARSENATE,10103-50-1,P65-MC
MECHLORETHAMINE,51-75-2,P65
MEDROXYPROGESTERONE ACETATE,71-58-9,P65
MEGESTROL ACETATE,595-33-5,P65
"MELAMINE, HEXAMETHYL-",645-05-6,P65
MELPHALAN,148-82-3,P65
MENOTROPINS,9002-68-0,P65
MEPROBAMATE,57-53-4,P65
MERCAPTOPURINE,6112-76-1,P65
MERCURIC ACETATE,1600-27-7,P65-MC
MERCURIC BROMIDE,7789-47-1,P65-MC
MERCURIC CYANIDE,592-04-1,P65-MC
MERCURIC NITRATE,10045-94-0,P65-MC
MERCURIC OXIDE,21908-53-2,P65-MC
MERCURIC SULFATE,7783-35-9,P65-MC
MERCURIC SULFIDE,1344-48-5,P65-MC
MERCURIC THIOCYANATE,592-85-8,P65-MC
MERCUROUS CHLORIDE,7546-30-7,P65-MC
MERCUROUS NITRATE,10415-75-5,P65-MC
MERCURY,7439-97-6,P65
MERCURY CHLORIDE (2),7487-94-7,P65-MC
MERCURY COMPOUNDS,EDF-033,P65
METHACYCLINE HYDROCHLORIDE,3963-95-9,P65
METHAM SODIUM,137-42-8,P65
METHAZOLE,20354-26-1,P65
METHIMAZOLE,60-56-0,P65
METHOTREXATE,59-05-2,P65
METHOTREXATE SODIUM,15475-56-6,P65
METHOXYETHYLMERCURIC ACETATE,151-38-2,P65-MC
"(+-)-METHYL (1R,2R,3R)-3-HYDROXY-2-((E)-(4RS)-4-HYDROXY-4-METHYL-1-OCTENYL)-5- -OXOCYCLOPENTANEHEPTANOATE",59122-46-2,P65
METHYL BROMIDE,74-83-9,P65
METHYL MERCURY,22967-92-6,P65
METHYL MERCURY CHLORIDE,115-09-3,P65-MC
METHYL MERCURY COMPOUNDS,EDF-127,P65-MC
METHYLMERCURIC DICYANAMIDE,502-39-6,P65-MC
METHYLTESTOSTERONE,58-18-4,P65
METIRAM,9006-42-2,P65
MIDAZOLAM HYDROCHLORIDE,59467-96-8,P65
MINOCYCLINE HYDROCHLORIDE (INTERNAL USE),13614-98-7,P65
MITOXANTRONE HYDROCHLORIDE,70476-82-3,P65
MONOCHLOROBIPHENYL,27323-18-8,P65-MC
MYCLOBUTANIL,88671-89-0,P65
N-METHYL-2-PYRROLIDONE,872-50-4,P65
NABAM,142-59-6,P65
NAFARELIN ACETATE,86220-42-0,P65
NEOMYCIN SULFATE,1405-10-3,P65
NETILMICIN SULFATE,56391-57-2,P65
NICKEL CARBONYL,13463-39-3,P65
NICOTINE AND SALTS,54-11-5,P65
NIMODIPINE,66085-59-4,P65
NITRAPYRIN,1929-82-4,P65
NITROGEN MUSTARD HYDROCHLORIDE,55-86-7,P65
NONA-PCB,53742-07-7,P65-MC
"2,2',3,3',4,4',5,5',6-NONACHLOROBIPHENYL (PCB-206)",40186-72-9,P65-MC
"2,2',3,3',4,4',5,6,6'-NONACHLOROBIPHENYL (PCB-207)",52663-79-3,P65-MC
"2,2',3,3',4,5,5',6,6'-NONACHLOROBIPHENYL (PCB-208)",52663-77-1,P65-MC
NORETHISTERONE,68-22-4,P65
NORETHISTERONE (NORETHINDRONE)/ETHINYL ESTRADIOL,EDF-075,P65
NORETHISTERONE (NORETHINDRONE)/MESTRANOL,EDF-074,P65
NORETHISTERONE ACETATE (NORETHINDRONE ACETATE),51-98-9,P65
NORGESTREL,6533-00-2,P65
Nifedipine,21829-25-4,P65
"O,P'-DDT",789-02-6,P65
OCTA-PCB,55722-26-4,P65-MC
OCTABROMOBIPHENYL,27858-07-7,P65-MC
"2,2',3,3',4,4',5,6-OCTACHLOROBIPHENYL",52663-78-2,P65-MC
"2,2',3,3',4,4',5,5'-OCTACHLOROBIPHENYL (PCB-194)",35694-08-7,P65-MC
"2,2',3,3',5,5',6,6'-OCTACHLOROBIPHENYL (PCB-202)",2136-99-4,P65-MC
ORGANIC LEAD COMPOUNDS,EDF-230,P65-MC
ORGANIC MERCURY COMPOUNDS,EDF-173,P65-MC
OXAZEPAM,604-75-1,P65
OXYDIAZON,19666-30-9,P65
OXYMETHOLONE,434-07-1,P65
OXYTETRACYCLINE,79-57-2,P65
OXYTETRACYCLINE HYDROCHLORIDE (INTERNAL USE),2058-46-0,P65
"2,2',3,3',4,5',6,6'-Octachlorobiphenyl",40186-71-8,P65-MC
"2,2',3,3',4,5,5',6'-Octachlorobiphenyl",52663-75-9,P65-MC
"2,2',3,3',4,4',6,6'-Octachlorobiphenyl",33091-17-7,P65-MC
"2,2',3,3',4,5,6,6'-Octachlorobiphenyl",52663-73-7,P65-MC
"2,2',3,3',4,5,5',6-Octachlorobiphenyl",68194-17-2,P65-MC
"2,3,3',4,4',5,5',6-Octachlorobiphenyl",74472-53-0,P65-MC
"2,2',3,4,4',5,6,6'-Octachlorobiphenyl",74472-52-9,P65-MC
"2,2',3,4,4',5,5',6-Octachlorobiphenyl",52663-76-0,P65-MC
PACLITAXEL,33069-62-4,P65
PARAMETHADIONE,115-67-3,P65
PENICILLAMINE,52-67-5,P65
PENTA-PCB,25429-29-2,P65-MC
"3,3',4,4',5-PENTACHLOROBIPHENYL",57465-28-8,P65-MC
"2,2'4,4',6-PENTACHLOROBIPHENYL (PCB-100)",39485-83-1,P65-MC
"2,2',4,5,5'-PENTACHLOROBIPHENYL (PCB-101)",37680-73-2,P65-MC
"2,2',4,6,6'-PENTACHLOROBIPHENYL (PCB-104)",56558-16-8,P65-MC
"2,3,3',4,4'-PENTACHLOROBIPHENYL (PCB-105)",32598-14-4,P65-MC
"2,3,3',4',6-PENTACHLOROBIPHENYL (PCB-110)",38380-03-9,P65-MC
"2,3,4,5,6-PENTACHLOROBIPHENYL (PCB-116)",18259-05-7,P65-MC
"2,3',4,4',5-PENTACHLOROBIPHENYL (PCB-118)",31508-00-6,P65-MC
"2',3,4,5,5'-PENTACHLOROBIPHENYL (PCB-124)",70424-70-3,P65-MC
"2,2'3,3',5-PENTACHLOROBIPHENYL (PCB-83)",60145-20-2,P65-MC
"2,2',3,4,5'-PENTACHLOROBIPHENYL (PCB-87)",38380-02-8,P65-MC
"2,2',3,4,6-PENTACHLOROBIPHENYL (PCB-88)",55215-17-3,P65-MC
"2,3'3,5,6-PENTACHLOROBIPHENYL (PCB-95)",38379-99-6,P65-MC
"2,2'4,4',6-PENTACHLOROBIPHENYL (PCB-99)",38380-01-7,P65-MC
PENTOBARBITAL SODIUM,57-33-0,P65
PENTOSTATIN,53910-25-1,P65
PHENACEMIDE,63-98-9,P65
PHENPROCOUMON,435-97-2,P65
PHENYL MERCURIC PROPIONATE,103-27-5,P65-MC
PHENYLMERCURIC ACETATE,62-38-4,P65-MC
PHENYLMERCURIC OLEATE [PMO],EDF-185,P65-MC
PHENYTOIN,57-41-0,P65
PIPOBROMAN,54-91-1,P65
PLICAMYCIN,18378-89-7,P65
POLYBROMINATED BIPHENYLS,PJL335,P65
POLYCHLORINATED BIPHENYLS,1336-36-3,P65
POTASSIUM ARSENATE,7784-41-0,P65-MC
POTASSIUM ARSENITE  (ASH3O4.XK),10124-50-2,P65-MC
POTASSIUM DIMETHYLDITHIOCARBAMATE,128-03-0,P65
PRAVASTATIN SODIUM,81131-70-6,P65
PROCARBAZINE HYDROCHLORIDE,366-70-1,P65
PROPARGITE,2312-35-8,P65
PROPYLTHIOURACIL,51-52-5,P65
PYRIMETHAMINE,58-14-0,P65
"2,2',3,6,6'-Pentachlorobiphenyl",73575-54-9,P65-MC
"2,2',3,5,6'-Pentachlorobiphenyl",73575-55-0,P65-MC
"2,2',3,5,6-Pentachlorobiphenyl",73575-56-1,P65-MC
"2,2',3,4,6'-Pentachlorobiphenyl",73575-57-2,P65-MC
"2,3,3',4,5'-Pentachlorobiphenyl",70362-41-3,P65-MC
"2,3,3',4',5-Pentachlorobiphenyl",70424-68-9,P65-MC
"2,3,3',4,5-Pentachlorobiphenyl",70424-69-0,P65-MC
"2,2',3,4',6-Pentachlorobiphenyl",68194-05-8,P65-MC
"2,2',4,5,6'-Pentachlorobiphenyl",68194-06-9,P65-MC
"2,2',3,4',5-Pentachlorobiphenyl",68194-07-0,P65-MC
"2,3,3',5',6-Pentachlorobiphenyl",68194-10-5,P65-MC
"2,3,4',5,6-Pentachlorobiphenyl",68194-11-6,P65-MC
"2,3',4,5,5'-Pentachlorobiphenyl",68194-12-7,P65-MC
"2,3',4,4',5'-Pentachlorobiphenyl",65510-44-3,P65-MC
"2,2',3,4,4'-Pentachlorobiphenyl",65510-45-4,P65-MC
"2,2',4,5',6-Pentachlorobiphenyl",60145-21-3,P65-MC
"2,2',3,4',6'-Pentachlorobiphenyl",60233-25-2,P65-MC
"2,3',4,4',6-Pentachlorobiphenyl",56558-17-9,P65-MC
"2,3',4,5',6-Pentachlorobiphenyl",56558-18-0,P65-MC
"2,2',3,4,5-Pentachlorobiphenyl",55312-69-1,P65-MC
"2,2',3,3',6-Pentachlorobiphenyl",52663-60-2,P65-MC
"2,2',3,5,5'-Pentachlorobiphenyl",52663-61-3,P65-MC
"2,2',3,3',4-Pentachlorobiphenyl",52663-62-4,P65-MC
"2,2',3,4',5'-Pentachlorobiphenyl",41464-51-1,P65-MC
"2,3,3',5,5'-Pentachlorobiphenyl",39635-32-0,P65-MC
"3,3',4,5,5'-Pentachlorobiphenyl",39635-33-1,P65-MC
"2,3',4',5',6-Pentachlorobiphenyl",74472-39-2,P65-MC
"2,3,4,4',6-Pentachlorobiphenyl",74472-38-1,P65-MC
"2,3,4,4',5-Pentachlorobiphenyl",74472-37-0,P65-MC
"2,3,3',5,6-Pentachlorobiphenyl",74472-36-9,P65-MC
"2,3,3',4,6-Pentachlorobiphenyl",74472-35-8,P65-MC
"2,3,3',4',5'-Pentachlorobiphenyl",76842-07-4,P65-MC
QUAZEPAM,36735-22-5,P65
RESMETHRIN,10453-86-8,P65
"RETINOL / RETINYL ESTERS,  WHEN IN DAILY DOSAGE IN EXCESS OF 10,000 IU,OR 3,000 RETINOL EQUIVALENTS",68-26-8,P65
RIBAVIRIN,36791-04-5,P65
RIFAMPICIN,13292-46-1,P65
SECOBARBITAL SODIUM,309-43-3,P65
SODIUM ARSENATE,13464-38-5,P65-MC
SODIUM ARSENATE (ASH3O4.XNA),7631-89-2,P65-MC
SODIUM ARSENITE,7784-46-5,P65-MC
SODIUM DIMETHYLDITHIOCARBAMATE,128-04-1,P65
STREPTOMYCIN SULFATE,3810-74-0,P65
STREPTOZOTOCIN,18883-66-4,P65
Sulindac,38194-50-2,P65
TAMOXIFEN CITRATE,54965-24-1,P65
TEMAZEPAM,846-50-4,P65
TENIPOSIDE,29767-20-2,P65
TERBACIL,5902-51-2,P65
TESTOSTERONE CYPIONATE,58-20-8,P65
TESTOSTERONE ENANTHATE,315-37-7,P65
"2,2',4',5-TETRABROMOBIPHENYL",EDF-323,P65-MC
TETRACHLOROBIPHENYL,26914-33-0,P65-MC
"2,3',3,3'-TETRACHLOROBIPHENYL (PCB-40)",38444-93-8,P65-MC
"2,2',3,5'-TETRACHLOROBIPHENYL (PCB-44)",41464-39-5,P65-MC
"2,2',4,4'-TETRACHLOROBIPHENYL (PCB-47)",2437-79-8,P65-MC
"2,2',4,5'-TETRACHLOROBIPHENYL (PCB-49)",41464-40-8,P65-MC
"2,2',4,6-TETRACHLOROBIPHENYL (PCB-50)",62796-65-0,P65-MC
"2,2',4,6-TETRACHLOROBIPHENYL (PCB-51)",68194-04-7,P65-MC
"2,2',5,5'-TETRACHLOROBIPHENYL (PCB-52)",35693-99-3,P65-MC
"2,2',5,6'-TETRACHLOROBIPHENYL (PCB-53)",41464-41-9,P65-MC
"2,2',6,6'-TETRACHLOROBIPHENYL (PCB-54)",15968-05-5,P65-MC
"2,3,4,4'-TETRACHLOROBIPHENYL (PCB-60)",33025-41-1,P65-MC
"2,3,4,5-TETRACHLOROBIPHENYL (PCB-61)",33284-53-6,P65-MC
"2,3,5,6-TETRACHLOROBIPHENYL (PCB-65)",33284-54-7,P65-MC
"2,3',4,4'-TETRACHLOROBIPHENYL (PCB-66)",32598-10-0,P65-MC
"2,3'4',5-TETRACHLOROBIPHENYL (PCB-70)",32598-11-1,P65-MC
"2,4,4',6-TETRACHLOROBIPHENYL (PCB-75)",32598-12-2,P65-MC
"3,3',4,4'-TETRACHLOROBIPHENYL (PCB-77)",32598-13-3,P65-MC
"3,3',5,5'-TETRACHLOROBIPHENYL (PCB-80)",33284-52-5,P65-MC
"2,3,7,8-TETRACHLORODIBENZO-P-DIOXIN (TCDD)",1746-01-6,P65
TETRACYCLINE (INTERNAL USE),60-54-8,P65
TETRACYCLINE HYDROCHLORIDE,64-75-5,P65
TETRACYCLINES,EDF-052,P65
TETRAETHYLLEAD,78-00-2,P65-MC
TETRAMETHYL LEAD,75-74-1,P65-MC
THALIDOMIDE,50-35-1,P65
THIMEROSAL,54-64-8,P65-MC
THIOGUANINE,154-42-7,P65
TOBACCO SMOKE (PRIMARY),EDF-073,P65
TOBRAMYCIN SULFATE,49842-07-1,P65
TOLUENE,108-88-3,P65
TRI-PCB,25323-68-6,P65-MC
TRIADIMEFON,43121-43-3,P65
TRIAZOLAM,28911-01-5,P65
TRIBUTYLTIN METHACRYLATE,2155-70-6,P65
"2,2'3-TRICHLOROBIPHENYL (PCB-16)",38444-78-9,P65-MC
"2,2',5-TRICHLOROBIPHENYL (PCB-18)",37680-65-2,P65-MC
"2,3,3'-TRICHLOROBIPHENYL (PCB-20)",38444-84-7,P65-MC
"2,3,4-TRICHLOROBIPHENYL (PCB-21)",55702-46-0,P65-MC
"2,3',5-TRICHLOROBIPHENYL (PCB-26)",38444-81-4,P65-MC
"2,4,4'-TRICHLOROBIPHENYL (PCB-28)",7012-37-5,P65-MC
"2,4,5-TRICHLOROBIPHENYL (PCB-29)",15862-07-4,P65-MC
"2,4,6-TRICHLOROBIPHENYL (PCB-30)",35693-92-6,P65-MC
"2,4',5-TRICHLOROBIPHENYL (PCB-31)",16862-07-4,P65-MC
"2',3,4-TRICHLOROBIPHENYL (PCB-33)",38444-86-9,P65-MC
"3,3',4-TRICHLOROBIPHENYL (PCB-35)",37680-69-6,P65-MC
"3,4,4-TRICHLOROBIPHENYL (PCB-37)",EDF-301,P65-MC
TRICYCLOHEXYLTIN HYDROXIDE,13121-70-5,P65
TRIENTINE HYDROCHLORIDE,38260-01-4,P65
TRIFORINE,26644-46-2,P65
TRILOSTANE,13647-35-3,P65
TRIMETHADIONE,127-48-0,P65
TRIMETREXATE GLUCURONATE,82952-64-5,P65
TRIPHENYLTIN HYDROXIDE,76-87-9,P65
"2,2',3,6'-Tetrachlorobiphenyl",41464-47-5,P65-MC
"2,3',4',6-Tetrachlorobiphenyl",41464-46-4,P65-MC
"2,3,3',4'-Tetrachlorobiphenyl",41464-43-1,P65-MC
"2,3',5,5'-Tetrachlorobiphenyl",41464-42-0,P65-MC
"2,3',4,5-Tetrachlorobiphenyl",73575-53-8,P65-MC
"2,3',5',6-Tetrachlorobiphenyl",74338-23-1,P65-MC
"2,3,3',4-Tetrachlorobiphenyl",74338-24-2,P65-MC
"2,2',3,6-Tetrachlorobiphenyl",70362-45-7,P65-MC
"2,2',3,5-Tetrachlorobiphenyl",70362-46-8,P65-MC
"2,2',4,5-Tetrachlorobiphenyl",70362-47-9,P65-MC
"2,3',4',5'-Tetrachlorobiphenyl",70362-48-0,P65-MC
"3,3',4,5-Tetrachlorobiphenyl",70362-49-1,P65-MC
"3,4,4',5-Tetrachlorobiphenyl",70362-50-4,P65-MC
"2,3,3',5-Tetrachlorobiphenyl",70424-67-8,P65-MC
"2,3',4,6-Tetrachlorobiphenyl",60233-24-1,P65-MC
"3,3',4,5'-Tetrachlorobiphenyl",41464-48-6,P65-MC
"2,3,3',5'-Tetrachlorobiphenyl",41464-49-7,P65-MC
"2,3,3',6-Tetrachlorobiphenyl",74472-33-6,P65-MC
"2,3,4',6-Tetrachlorobiphenyl",52663-58-8,P65-MC
"2,3',4,5'-Tetrachlorobiphenyl",73575-52-7,P65-MC
"2,3,4',5-Tetrachlorobiphenyl",74472-34-7,P65-MC
"2,2',3,4-Tetrachlorobiphenyl",52663-59-9,P65-MC
"2,2',3,4'-Tetrachlorobiphenyl",36559-22-5,P65-MC
"2,3,4,6-Tetrachlorobiphenyl",54230-22-7,P65-MC
"2,4,4',5-Tetrachlorobiphenyl (PCB 74)",32690-93-0,P65-MC
"3,4,4',5-Tetrachlorobiphenyl (PCB81)",EDF-510,P65-MC
"3,4,4'-Trichlorobiphenyl",38444-90-5,P65-MC
"3,4',5-Trichlorobiphenyl",38444-88-1,P65-MC
"3,3',5-Trichlorobiphenyl",38444-87-0,P65-MC
"2,3,4'-Trichlorobiphenyl",38444-85-8,P65-MC
"2,4',6-Trichlorobiphenyl",38444-77-8,P65-MC
"2,3',6-Trichlorobiphenyl",38444-76-7,P65-MC
"2,2',6-Trichlorobiphenyl",38444-73-4,P65-MC
"3,4,5-Trichlorobiphenyl",53555-66-1,P65-MC
"2,3,5-Trichlorobiphenyl",55720-44-0,P65-MC
"2,3',4-Trichlorobiphenyl",55712-37-3,P65-MC
"2,3,6-Trichlorobiphenyl",55702-45-9,P65-MC
"2,4',5-Trichlorobiphenyl",16606-02-3,P65-MC
"2,3',5'-Trichlorobiphenyl",37680-68-5,P65-MC
"2,2',4-Trichlorobiphenyl",37680-66-3,P65-MC
URACIL MUSTARD,66-75-1,P65
URETHANE,51-79-6,P65
UROFOLLITROPIN,97048-13-0,P65
VALPROATE,99-66-1,P65
VINBLASTINE SULFATE,143-67-9,P65
VINCLOZOLIN,50471-44-8,P65
VINCRISTINE SULFATE,2068-78-2,P65
WARFARIN AND SALTS,81-81-2,P65
WARFARIN SODIUM,129-06-6,P65-MC
Zileuton,111406-87-2,P65
etodolac,41340-25-4,P65
flurbiprofen,5104-49-4,P65
halobetasol propionate,66852-54-8,P65
lead II arsenate,7645-25-2,P65-MC
mebendazole,31431-39-7,P65
pimozide,2062-78-4,P65
prednisolone sodium phosphate,125-02-0,P65
sermorelin acetate,EDF-373,P65
"2,2¿,3,3¿,4,4¿,5,6¿-Octachlorobiphenyl (PCB196)",42740-50-1,P65-MC
